#{"t_start": 1769134576.1673105, "env_id": "parking-basic-boundary-v0"}
r,l,t
0,100,51.771342
0,100,56.012885
0,100,60.287397
-4,30,61.683507
0,100,66.229874
0,100,70.594477
0,100,74.872918
0,100,79.099617
0,100,83.471395
0,100,87.790583
0,100,92.104686
0,100,96.399874
0,100,100.597029
0,100,104.810129
0,100,109.043171
0,100,113.248759
0,100,117.439382
0,100,121.672009
-6,100,125.94436
0,100,130.309348
0,100,134.624812
0,100,138.831447
0,100,143.011422
0,100,147.190562
0,100,151.528721
0,100,155.840243
0,100,160.211553
0,100,164.433774
0,100,168.651303
-8,100,172.830655
0,100,177.001895
0,100,181.193527
0,100,185.396382
0,100,189.698006
0,100,193.909366
0,100,198.12319
0,100,202.324976
0,100,206.589355
0,100,210.770698
0,100,215.138295
0,100,219.338588
0,100,223.595952
0,100,227.869991
0,100,232.079722
0,100,236.31888
0,100,240.547751
0,100,244.745921
0,100,248.949957
0,100,253.266401
0,100,257.494839
0,100,261.716602
0,100,265.959669
0,100,270.192362
0,100,274.450587
0,100,278.790267
0,100,283.134721
0,100,287.392606
0,100,291.640964
0,100,295.848226
0,100,300.039501
0,100,304.293615
0,100,308.515328
0,100,312.72557
0,100,320.582503
-12,100,324.909147
0,100,329.199243
0,100,333.480244
0,100,337.829439
0,100,342.060936
0,100,346.361272
0,100,350.563833
0,100,354.759001
0,100,358.984089
0,100,363.234232
0,100,367.463457
0,100,371.70306
0,100,376.002098
0,100,380.407551
0,100,384.800747
0,100,389.25662
0,100,393.595553
0,100,397.837511
-5,100,402.083659
0,100,406.39154
0,100,410.669908
0,100,414.91371
0,100,419.168919
0,100,423.464417
0,100,427.841698
0,100,432.131779
0,100,436.443464
0,100,440.757697
0,100,445.052442
0,100,449.348595
0,100,453.665732
0,100,457.925148
0,100,462.214243
0,100,466.516893
0,100,470.84159
0,100,475.0991
0,100,479.356301
0,100,483.596196
0,100,487.816182
0,100,492.088495
0,100,496.361366
0,100,500.681665
0,100,504.994179
0,100,509.219191
0,100,513.474579
0,100,517.832412
0,100,522.018512
0,100,526.221852
0,100,530.498482
0,100,534.729943
0,100,538.969846
0,100,543.305739
0,100,547.505728
-10,100,551.686533
0,100,555.89731
0,100,560.09839
0,100,564.417145
0,100,568.921283
0,100,573.191397
0,100,577.530775
0,100,581.729719
0,100,589.413167
0,100,593.768775
0,100,597.952168
0,100,602.137723
0,100,606.323621
-9,100,610.510927
0,100,614.739125
0,100,618.925937
0,100,623.171607
0,100,627.350848
0,100,631.559176
0,100,635.792415
0,100,640.100277
0,100,644.375079
0,100,648.592679
0,100,652.787354
0,100,657.121775
0,100,661.4239
0,100,665.804796
0,100,670.002112
0,100,674.261426
-34,100,678.595479
0,100,682.810656
0,100,687.153666
0,100,691.514251
0,100,695.784611
0,100,699.997961
0,100,704.213958
0,100,708.571735
0,100,712.843076
0,100,717.233901
-31,100,721.482774
-1,100,725.718438
0,100,729.935746
0,100,734.174154
0,100,738.430007
0,100,742.677191
0,100,746.931839
0,100,751.127404
0,100,755.461233
0,100,759.79559
0,100,764.016723
0,100,768.209053
-27,100,772.365554
0,100,776.556713
0,100,780.773313
0,100,784.991901
0,100,789.302095
0,100,793.58049
0,100,797.817815
0,100,802.094634
-5,100,806.768608
0,100,811.301003
0,100,815.599246
0,100,819.868468
0,100,824.157205
0,100,828.389695
-12,100,832.603877
0,100,836.82252
0,100,841.145819
0,100,845.451446
0,100,849.636222
0,100,853.895836
0,100,861.497753
0,100,865.783962
0,100,870.035432
0,100,874.423668
0,100,878.774868
0,100,883.162736
0,100,887.483685
0,100,891.710633
0,100,895.954483
0,100,900.182524
0,100,904.438926
0,100,908.751487
0,100,912.9952
0,100,917.331897
0,100,921.598195
0,100,925.852727
0,100,930.125283
-3,100,934.467884
0,100,938.901323
0,100,943.132644
-5,100,947.593611
0,100,951.811161
0,100,956.035871
0,100,960.265339
0,100,964.593691
0,100,968.843967
0,100,973.07603
0,100,977.319362
0,100,981.608959
0,100,985.890841
0,100,990.157901
0,100,994.419787
0,100,998.687629
0,100,1003.043552
0,100,1007.326722
0,100,1011.583113
0,100,1015.790895
0,100,1020.009753
0,100,1024.214744
0,100,1028.444074
0,100,1032.624918
0,100,1036.845045
0,100,1041.128718
0,100,1045.377529
0,100,1049.610638
0,100,1053.862569
0,100,1058.12709
0,100,1062.323255
0,100,1066.545047
0,100,1070.852557
0,100,1075.070977
0,100,1079.279549
0,100,1083.447076
0,100,1087.657247
0,100,1091.924187
0,100,1096.1619
0,100,1103.06645
0,100,1107.390894
0,100,1111.807894
0,100,1116.226953
0,100,1120.531625
0,100,1124.77591
0,100,1133.562063
0,100,1137.796015
0,100,1142.018934
0,100,1146.271651
0,100,1150.482838
0,100,1155.439849
0,100,1159.684406
0,100,1163.916695
0,100,1170.174428
0,100,1174.400023
0,100,1178.759278
0,100,1183.054678
0,100,1187.324038
0,100,1191.557848
0,100,1195.828805
0,100,1200.081729
0,100,1204.3025
0,100,1208.532813
0,100,1212.776619
0,100,1217.013495
0,100,1221.302271
0,100,1225.569283
0,100,1229.879003
0,100,1234.229145
0,100,1238.598064
0,100,1242.969695
0,100,1247.269069
0,100,1251.490791
0,100,1255.715559
0,100,1259.998989
0,100,1264.292537
0,100,1268.658592
0,100,1272.954467
0,100,1277.223138
0,100,1281.446905
0,100,1285.685374
0,100,1289.956653
0,100,1294.172182
0,100,1298.493553
0,100,1302.724853
0,100,1307.001679
0,100,1311.216242
0,100,1315.428408
0,100,1319.718189
0,100,1323.983648
0,100,1328.202094
0,100,1332.397235
0,100,1336.604202
0,100,1340.885808
0,100,1345.1476
0,100,1349.379115
0,100,1353.648636
0,100,1358.019128
0,100,1362.372919
0,100,1367.385557
0,100,1371.570896
0,100,1375.746024
0,100,1379.940427
0,100,1384.112584
0,100,1388.345464
0,100,1392.60281
0,100,1396.833102
0,100,1401.081802
0,100,1408.74988
0,100,1413.00402
0,100,1417.355884
0,100,1422.412582
0,100,1426.669268
0,100,1430.844254
0,100,1435.057982
-3,100,1439.297803
0,100,1443.506062
0,100,1447.687851
0,100,1451.869425
0,100,1456.22986
0,100,1460.442964
0,100,1464.645772
0,100,1468.94087
0,100,1473.190185
0,100,1477.530133
0,100,1481.897575
0,100,1486.202306
0,100,1490.406696
0,100,1494.583992
0,100,1498.815195
0,100,1502.995433
0,100,1507.221611
0,100,1511.532833
0,100,1515.826689
0,100,1520.047713
0,100,1524.247699
0,100,1528.474704
0,100,1532.707836
0,100,1539.139549
0,100,1543.36034
0,100,1547.714678
0,100,1553.951042
0,100,1558.172865
0,100,1562.410039
0,100,1566.779526
0,100,1571.033657
0,100,1575.296828
0,100,1579.648473
0,100,1583.923131
0,100,1588.221713
0,100,1592.515141
0,100,1596.844699
0,100,1601.142727
0,100,1605.390557
0,100,1609.743372
0,100,1614.014939
0,100,1618.252951
0,100,1622.500919
0,100,1626.771117
0,100,1631.048964
0,100,1635.288028
0,100,1639.695522
0,100,1643.940343
0,100,1648.220249
0,100,1652.483447
0,100,1657.383898
0,100,1661.599998
0,100,1665.956822
0,100,1670.244153
0,100,1674.622859
0,100,1682.238339
0,100,1686.52859
0,100,1690.744619
0,100,1694.964849
0,100,1699.198731
0,100,1703.579948
0,100,1707.935966
0,100,1712.15397
0,100,1716.546665
0,100,1720.923626
0,100,1725.308691
0,100,1729.584971
0,100,1733.86693
0,100,1738.162669
0,100,1742.389777
0,100,1746.629298
0,100,1750.927683
0,100,1755.170056
0,100,1759.479601
0,100,1763.807837
0,100,1770.197826
0,100,1774.387969
0,100,1778.753724
0,100,1782.942921
0,100,1787.204407
0,100,1791.427322
0,100,1795.653341
0,100,1799.987783
0,100,1804.182763
0,100,1808.376889
0,100,1812.584528
-25,100,1816.795199
0,100,1821.0226
0,100,1825.267728
0,100,1829.559309
0,100,1833.775116
0,100,1838.029426
0,100,1842.30568
0,100,1846.659759
0,100,1850.844679
0,100,1855.060697
0,100,1859.401007
0,100,1863.717772
0,100,1867.965338
0,100,1872.181902
0,100,1876.492755
0,100,1880.754269
0,100,1885.02332
0,100,1889.324295
0,100,1893.577694
0,100,1897.931528
0,100,1902.23728
0,100,1906.504721
0,100,1910.720395
0,100,1914.926327
0,100,1919.148397
0,100,1923.440625
0,100,1927.649711
0,100,1931.899314
0,100,1936.183353
0,100,1940.496337
0,100,1944.769149
0,100,1949.004821
0,100,1956.668626
0,100,1961.019194
0,100,1965.346413
0,100,1969.646349
0,100,1973.858528
0,100,1978.084507
0,100,1982.32249
0,100,1986.507823
0,100,1990.726752
0,100,1995.102573
0,100,1999.323873
0,100,2003.590503
0,100,2007.993044
0,100,2012.270721
0,100,2016.485142
0,100,2020.87598
0,100,2025.197714
0,100,2029.493063
0,100,2033.817741
0,100,2038.06159
0,100,2042.343849
0,100,2046.578577
0,100,2050.772595
0,100,2055.069305
0,100,2059.28874
0,100,2063.545802
0,100,2067.870154
0,100,2072.08794
0,100,2076.287859
0,100,2080.626864
0,100,2084.932837
0,100,2089.37197
0,100,2093.622415
0,100,2097.849252
0,100,2102.068891
0,100,2106.338935
0,100,2110.50605
0,100,2114.710514
0,100,2118.99978
0,100,2123.228235
0,100,2127.477453
0,100,2131.719465
0,100,2135.914171
0,100,2140.236986
0,100,2144.452804
0,100,2148.773575
0,100,2152.940963
0,100,2157.161467
0,100,2161.494272
0,100,2165.874697
0,100,2170.109114
0,100,2174.302757
0,100,2178.565944
-12,100,2182.774558
0,100,2187.014584
0,100,2191.259166
0,100,2195.457499
0,100,2199.837051
0,100,2204.146944
0,100,2208.370369
0,100,2212.625964
0,100,2216.846465
0,100,2224.442624
0,100,2228.668102
0,100,2232.988219
0,100,2237.32321
0,100,2241.660618
0,100,2245.912869
0,100,2250.202627
0,100,2254.4435
0,100,2258.790014
0,100,2263.142066
0,100,2267.39446
0,100,2271.659921
0,100,2275.993568
0,100,2280.307559
0,100,2284.531164
0,100,2288.742808
0,100,2292.963706
0,100,2297.174149
0,100,2301.437928
0,100,2305.802406
0,100,2310.091423
0,100,2314.286547
0,100,2318.593114
0,100,2322.944579
0,100,2327.335885
0,100,2333.917551
0,100,2338.105371
0,100,2342.348544
0,100,2346.640941
0,100,2350.88679
0,100,2355.148302
0,100,2359.67256
0,100,2364.076044
0,100,2368.432809
0,100,2372.688032
0,100,2376.956903
0,100,2381.338759
0,100,2385.552064
0,100,2389.93601
0,100,2394.149486
0,100,2398.495674
0,100,2402.814087
0,100,2407.526984
0,100,2411.706218
0,100,2415.894306
0,100,2420.145459
0,100,2424.332574
0,100,2428.570206
0,100,2432.854316
0,100,2437.120666
0,100,2441.537653
0,100,2445.911268
0,100,2450.223397
0,100,2454.421309
0,100,2458.616274
0,100,2462.925222
0,100,2467.181903
0,100,2471.424457
0,100,2475.721271
0,100,2479.924068
0,100,2484.132593
0,100,2488.427799
-40,100,2492.739867
0,100,2500.365372
0,100,2504.671499
0,100,2509.025853
0,100,2513.375789
0,100,2517.705898
0,100,2522.000828
0,100,2526.263623
0,100,2530.521815
0,100,2534.862169
0,100,2539.126425
0,100,2543.369884
0,100,2547.574511
0,100,2551.824619
-2,100,2555.994835
0,100,2560.924663
0,100,2565.189684
0,100,2569.447217
0,100,2573.666028
0,100,2577.884814
0,100,2582.131977
0,100,2586.34576
0,100,2590.565108
0,100,2594.968571
0,100,2599.286991
0,100,2603.584476
0,100,2607.944597
0,100,2612.201425
0,100,2616.413303
0,100,2620.76602
0,100,2625.116561
0,100,2629.447853
0,100,2633.749961
0,100,2637.961631
0,100,2642.189227
0,100,2646.445481
0,100,2650.697016
0,100,2655.178418
0,100,2659.45574
0,100,2663.718906
0,100,2668.026729
0,100,2672.325432
0,100,2676.51474
0,100,2680.902999
0,100,2685.209402
0,100,2689.604102
0,100,2693.846727
0,100,2698.081883
0,100,2702.285691
0,100,2706.4978
0,100,2710.816064
0,100,2715.040014
0,100,2719.374626
0,100,2723.63822
0,100,2727.943659
0,100,2732.183184
0,100,2736.344147
0,100,2740.678156
0,100,2744.92654
0,100,2749.260686
0,100,2753.42901
0,100,2757.616408
0,100,2761.86776
0,100,2769.394484
0,100,2773.731027
0,100,2777.934593
0,100,2782.182986
0,100,2786.401677
0,100,2790.65329
0,100,2794.879949
0,100,2799.074341
0,100,2803.493373
0,100,2807.862224
0,100,2812.153567
0,100,2816.318772
0,100,2820.501156
0,100,2824.703621
0,100,2828.893876
0,100,2833.066339
0,100,2837.295449
0,100,2841.61693
0,100,2845.850646
0,100,2850.110095
0,100,2854.362813
0,100,2858.595252
0,100,2862.916258
0,100,2867.121463
0,100,2871.306214
0,100,2875.555385
0,100,2879.754786
-2,100,2883.964424
0,100,2888.191645
0,100,2892.385102
0,100,2896.591471
0,100,2900.930482
0,100,2905.301436
0,100,2909.687666
0,100,2913.903791
0,100,2918.116718
0,100,2922.444443
0,100,2926.834081
0,100,2931.110955
0,100,2935.416848
0,100,2939.719883
0,100,2944.00164
0,100,2948.257561
0,100,2952.502567
0,100,2956.775006
0,100,2960.999951
0,100,2965.337227
0,100,2969.653275
0,100,2973.937107
0,100,2978.154802
0,100,2982.517708
0,100,2986.787911
0,100,2991.124839
0,100,2995.383857
0,100,2999.639574
0,100,3003.85875
0,100,3008.10429
0,100,3012.381263
0,100,3016.6564
-40,100,3020.935333
0,100,3025.141278
0,100,3029.436423
0,100,3033.65449
0,100,3041.391271
0,100,3045.696519
0,100,3050.01222
0,100,3054.267501
0,100,3058.496318
0,100,3062.777005
0,100,3067.065484
0,100,3071.237012
0,100,3075.479255
0,100,3079.733347
0,100,3083.981814
0,100,3088.234718
0,100,3092.574466
0,100,3096.759564
0,100,3101.007356
0,100,3105.279339
0,100,3109.481424
0,100,3113.659544
0,100,3117.895678
0,100,3122.224015
0,100,3126.446267
0,100,3130.624379
0,100,3134.818221
0,100,3139.094418
0,100,3143.375584
0,100,3147.57155
0,100,3151.78081
0,100,3155.981162
0,100,3160.231822
0,100,3164.617991
0,100,3168.97829
0,100,3173.209939
0,100,3177.455155
0,100,3181.736457
0,100,3185.976297
0,100,3190.228442
0,100,3194.500877
0,100,3198.775283
0,100,3203.062278
0,100,3207.415899
0,100,3211.685761
0,100,3215.897608
0,100,3220.12541
0,100,3224.514087
0,100,3228.746193
0,100,3232.985898
-2,100,3237.23148
0,100,3241.459002
0,100,3245.657879
0,100,3249.847126
0,100,3254.067892
0,100,3258.283117
0,100,3262.503184
0,100,3266.692604
0,100,3270.891479
0,100,3275.081223
0,100,3279.336844
0,100,3283.654426
0,100,3288.011354
0,100,3292.304413
0,100,3296.48564
0,100,3300.758641
0,100,3308.250031
0,100,3312.52901
0,100,3316.826553
0,100,3321.136942
0,100,3326.462017
0,100,3331.604007
0,100,3336.228379
0,100,3340.744821
0,100,3345.450386
0,100,3349.878792
0,100,3354.207074
0,100,3358.499131
0,100,3362.886554
0,100,3367.259517
0,100,3371.780192
0,100,3375.954247
0,100,3380.485304
0,100,3385.280721
0,100,3389.718981
0,100,3394.119231
0,100,3398.521621
0,100,3402.881125
0,100,3407.478312
0,100,3412.060764
0,100,3416.393841
0,100,3420.793378
0,100,3425.086251
0,100,3429.53434
0,100,3434.051737
0,100,3438.415787
0,100,3442.957712
0,100,3447.374104
0,100,3451.663054
0,100,3456.289691
0,100,3460.709098
0,100,3465.297752
0,100,3469.589358
0,100,3473.956307
0,100,3478.427783
0,100,3483.073562
0,100,3487.308221
0,100,3491.618443
0,100,3496.027217
0,100,3500.473022
0,100,3505.112182
0,100,3511.154347
0,100,3515.718204
0,100,3520.255201
0,100,3524.904799
0,100,3529.32754
0,100,3533.869394
0,100,3538.263674
0,100,3542.598974
0,100,3547.04824
0,100,3551.528856
0,100,3555.931828
0,100,3560.378441
0,100,3564.77539
0,100,3569.078099
0,100,3573.478617
0,100,3577.797425
0,100,3582.202249
0,100,3586.77306
0,100,3594.70757
0,100,3599.391965
0,100,3603.876319
0,100,3608.000397
0,100,3612.313205
0,100,3616.566601
0,100,3620.94054
0,100,3625.327779
0,100,3629.83596
0,100,3634.273569
0,100,3638.807986
0,100,3643.26202
0,100,3647.936313
0,100,3652.521959
0,100,3657.338634
0,100,3662.733891
0,100,3667.426958
0,100,3671.868567
0,100,3676.304343
0,100,3680.692649
0,100,3685.194248
0,100,3690.077371
0,100,3694.573261
0,100,3698.886772
-6,100,3703.503501
0,100,3708.089781
0,100,3712.731882
0,100,3717.152089
0,100,3721.682144
0,100,3726.050441
0,100,3730.534061
0,100,3734.893143
0,100,3739.35475
0,100,3743.673589
0,100,3748.188182
0,100,3752.540183
0,100,3757.080959
0,100,3761.484767
0,100,3766.024463
0,100,3770.504478
0,100,3775.146954
0,100,3779.601557
0,100,3783.969924
0,100,3788.242742
0,100,3792.587982
0,100,3796.978065
0,100,3801.303264
0,100,3805.674319
0,100,3810.041713
0,100,3814.538523
0,100,3819.041872
0,100,3823.517425
0,100,3827.976697
0,100,3832.27642
0,100,3836.773181
0,100,3841.161887
0,100,3845.922347
0,100,3850.227201
0,100,3854.651966
0,100,3859.012081
0,100,3863.303442
0,100,3867.620609
0,100,3875.518706
0,100,3880.108303
0,100,3884.701506
0,100,3889.184589
0,100,3893.730171
0,100,3898.011473
0,100,3902.310498
0,100,3906.731643
0,100,3911.104853
0,100,3915.587312
0,100,3919.917561
0,100,3924.474754
0,100,3928.97297
0,100,3933.273044
0,100,3937.669086
0,100,3942.047401
0,100,3946.725561
0,100,3950.823277
0,100,3955.042289
0,100,3959.277524
0,100,3963.659966
0,100,3967.959115
0,100,3972.133865
0,100,3976.364122
0,100,3980.590679
0,100,3984.843602
0,100,3989.179976
0,100,3993.499155
0,100,3997.529211
0,100,4001.76
0,100,4006.090587
0,100,4010.462544
-5,100,4014.73526
0,100,4018.958078
0,100,4023.176041
0,100,4027.490527
0,100,4031.71057
0,100,4035.918347
0,100,4040.224822
0,100,4044.458861
0,100,4048.729201
0,100,4053.011348
0,100,4057.206583
0,100,4061.384111
0,100,4065.631817
0,100,4070.035895
0,100,4074.319131
0,100,4078.503508
0,100,4082.807719
0,100,4087.092286
0,100,4091.257236
0,100,4095.423812
0,100,4099.662517
0,100,4103.932449
0,100,4108.198588
0,100,4112.381225
0,100,4116.614722
0,100,4120.873327
0,100,4125.166855
0,100,4129.477344
0,100,4133.758887
0,100,4137.962183
0,100,4142.301835
0,100,4149.949356
0,100,4154.198262
0,100,4158.479473
0,100,4162.861073
0,100,4167.238275
0,100,4171.49052
0,100,4175.798079
0,100,4180.04531
0,100,4184.29225
0,100,4188.690736
0,100,4193.179858
0,100,4197.495251
0,100,4201.73937
0,100,4206.048059
0,100,4210.232804
0,100,4214.404837
0,100,4218.601851
0,100,4222.805588
0,100,4227.059815
0,100,4231.314075
0,100,4235.528906
0,100,4239.75036
0,100,4243.936049
0,100,4248.41458
0,100,4252.636335
0,100,4256.908821
0,100,4261.138723
0,100,4265.437294
0,100,4269.657093
0,100,4273.844872
0,100,4278.056149
0,100,4282.245192
0,100,4286.505506
0,100,4290.692244
0,100,4294.893913
0,100,4299.166339
0,100,4303.327074
0,100,4307.581428
0,100,4311.798522
0,100,4315.991999
0,100,4320.267944
0,100,4324.466521
0,100,4328.663475
0,100,4332.818687
0,100,4336.995279
0,100,4341.206571
0,100,4345.411003
0,100,4349.607043
0,100,4353.790636
0,100,4358.037804
0,100,4362.294166
0,100,4366.558671
0,100,4370.851327
0,100,4375.112291
0,100,4379.275307
0,100,4383.441676
0,100,4387.685617
0,100,4391.943992
0,100,4396.162003
0,100,4400.333402
0,100,4404.561761
0,100,4408.777693
0,100,4416.30123
0,100,4420.583471
0,100,4424.786035
0,100,4429.100865
0,100,4433.239966
0,100,4437.419154
0,100,4441.632912
0,100,4445.917746
0,100,4450.094446
0,100,4454.373079
0,100,4458.556213
0,100,4462.75528
0,100,4466.963506
0,100,4471.174239
0,100,4475.343973
0,100,4479.527928
0,100,4483.808365
0,100,4488.11956
0,100,4492.384403
0,100,4496.642943
0,100,4500.848837
0,100,4505.09304
0,100,4509.280737
0,100,4513.710042
0,100,4517.941357
0,100,4522.129969
0,100,4526.344572
0,100,4530.527211
0,100,4534.73568
0,100,4538.98151
0,100,4543.209269
0,100,4547.601582
0,100,4551.974577
0,100,4556.254163
0,100,4560.490916
0,100,4564.92795
0,100,4569.255468
0,100,4573.502695
0,100,4577.876575
0,100,4582.236894
0,100,4586.606343
0,100,4590.862317
0,100,4595.177115
0,100,4599.463392
0,100,4603.772367
0,100,4608.322627
0,100,4612.549916
0,100,4616.726861
0,100,4620.906722
0,100,4625.160207
0,100,4629.381146
0,100,4633.663601
0,100,4637.953626
0,100,4642.149011
0,100,4646.344125
0,100,4650.622123
0,100,4654.883628
0,100,4659.076203
0,100,4663.261655
0,100,4667.696997
0,100,4672.004177
0,100,4676.24495
0,100,4680.466575
0,100,4688.062621
0,100,4692.276455
0,100,4696.496423
0,100,4700.980482
0,100,4705.324829
0,100,4709.577589
0,100,4713.797282
0,100,4718.048579
0,100,4722.356147
0,100,4726.674345
0,100,4731.044951
0,100,4735.386059
0,100,4739.623733
0,100,4743.908756
0,100,4748.152657
0,100,4752.372016
0,100,4756.698818
0,100,4760.988198
0,100,4765.257652
0,100,4769.603724
0,100,4773.843964
0,100,4778.09687
0,100,4782.414418
0,100,4786.723186
0,100,4791.029164
0,100,4795.31442
0,100,4799.525534
0,100,4803.792089
0,100,4808.000473
0,100,4812.217487
0,100,4816.432589
0,100,4820.700034
0,100,4824.99813
0,100,4829.216677
0,100,4833.423869
0,100,4837.641155
0,100,4841.879511
0,100,4846.141375
0,100,4850.853412
0,100,4855.268126
0,100,4859.465655
0,100,4863.8421
0,100,4868.101155
0,100,4872.317276
0,100,4876.51952
0,100,4880.799779
0,100,4885.066775
0,100,4889.407516
0,100,4893.641424
0,100,4897.923007
0,100,4902.209246
0,100,4906.446386
0,100,4910.824648
0,100,4915.105667
0,100,4919.420322
0,100,4923.631955
0,100,4927.891135
0,100,4932.118711
0,100,4936.337813
0,100,4940.619987
0,100,4944.852633
0,100,4949.083137
0,100,4956.599826
0,100,4960.918396
0,100,4965.195266
0,100,4969.549287
0,100,4973.887033
0,100,4978.152036
0,100,4982.334442
0,100,4986.537325
0,100,4990.861528
0,100,4995.22857
0,100,4999.498339
0,100,5003.713318
0,100,5008.060922
0,100,5012.335237
0,100,5016.569117
0,100,5020.779896
0,100,5025.051129
0,100,5029.474779
0,100,5033.742365
0,100,5037.931639
0,100,5042.14608
-14,100,5046.379141
0,100,5050.528946
0,100,5054.778051
0,100,5058.965749
0,100,5063.238988
0,100,5067.472933
0,100,5071.745898
0,100,5075.960726
0,100,5080.210227
0,100,5084.497704
0,100,5088.790534
0,100,5093.190116
0,100,5097.438375
0,100,5101.628807
0,100,5105.82313
0,100,5110.074439
0,100,5114.317454
0,100,5118.567234
0,100,5122.761022
0,100,5127.027454
0,100,5131.304167
0,100,5135.576995
0,100,5139.831058
0,100,5144.011248
0,100,5148.256208
0,100,5152.721676
0,100,5157.140449
0,100,5161.447261
0,100,5165.836305
0,100,5170.080281
0,100,5174.274266
0,100,5178.576392
0,100,5182.809891
0,100,5187.062577
0,100,5191.272955
0,100,5195.447689
0,100,5199.688013
0,100,5203.987441
0,100,5208.278837
0,100,5212.659979
0,100,5216.982665
0,100,5221.183592
0,100,5228.754563
0,100,5232.957981
0,100,5237.736291
0,100,5241.993215
0,100,5246.235032
0,100,5250.503183
0,100,5254.752355
0,100,5259.048146
0,100,5263.338016
0,100,5267.712662
0,100,5272.279027
0,100,5276.506141
0,100,5280.789869
0,100,5285.02806
0,100,5289.296096
0,100,5293.540331
0,100,5297.791797
0,100,5302.061273
0,100,5306.423436
0,100,5310.699962
0,100,5314.931914
0,100,5319.223991
0,100,5323.506607
0,100,5327.791592
0,100,5332.123416
-14,100,5336.525233
0,100,5340.765038
0,100,5345.044342
0,100,5349.331928
0,100,5353.572559
0,100,5357.767027
0,100,5361.954736
0,100,5366.20459
0,100,5370.419911
0,100,5374.655584
0,100,5378.890793
0,100,5383.123641
0,100,5387.387147
0,100,5391.696275
0,100,5395.878184
0,100,5400.184496
0,100,5404.422203
0,100,5408.624451
0,100,5412.830148
0,100,5417.006681
0,100,5421.197289
0,100,5425.381716
0,100,5429.65813
0,100,5433.858008
0,100,5438.05177
0,100,5442.300586
0,100,5446.51923
0,100,5450.835137
0,100,5455.162163
0,100,5459.497128
0,100,5463.850901
0,100,5468.252746
0,100,5472.449521
0,100,5476.719603
0,100,5480.952477
0,100,5485.182554
0,100,5489.430347
0,100,5497.219374
0,100,5501.539315
0,100,5505.829952
0,100,5510.207617
0,100,5514.45852
0,100,5518.682723
0,100,5522.987155
0,100,5527.306656
0,100,5531.55046
0,100,5535.793104
0,100,5540.012305
0,100,5544.329107
0,100,5548.585097
0,100,5552.811003
0,100,5557.031722
0,100,5561.370636
0,100,5565.60435
0,100,5569.924273
0,100,5574.322452
0,100,5578.612264
0,100,5582.820802
0,100,5587.06271
0,100,5591.377589
0,100,5595.660654
0,100,5599.925283
0,100,5604.179308
0,100,5608.450098
0,100,5612.7179
0,100,5617.039936
0,100,5621.501909
0,100,5625.862765
0,100,5630.160361
0,100,5634.489526
0,100,5638.698575
0,100,5642.970195
0,100,5647.286461
0,100,5651.538395
0,100,5655.836658
0,100,5660.04921
0,100,5664.285223
0,100,5668.608186
0,100,5672.832628
0,100,5677.075192
0,100,5681.403024
0,100,5685.732017
0,100,5690.034797
0,100,5694.364593
0,100,5698.708523
0,100,5702.950139
0,100,5707.209605
0,100,5711.513564
0,100,5715.838917
0,100,5720.110307
0,100,5724.298384
0,100,5728.592298
0,100,5732.83369
0,100,5737.029796
0,100,5741.318871
0,100,5745.612522
0,100,5749.882041
0,100,5754.226781
0,100,5758.487993
0,100,5762.745051
0,100,5770.368407
0,100,5774.587724
0,100,5778.886778
0,100,5783.097285
0,100,5787.321959
0,100,5791.564829
0,100,5795.740065
0,100,5799.982797
0,100,5804.218072
0,100,5808.4739
0,100,5812.78761
0,100,5817.057884
0,100,5821.286578
0,100,5825.459683
0,100,5829.65275
0,100,5833.873901
0,100,5838.122268
0,100,5842.433527
0,100,5846.6511
0,100,5850.930912
0,100,5855.255196
0,100,5859.50081
0,100,5863.792262
0,100,5868.095123
0,100,5872.482377
0,100,5876.698798
0,100,5880.907663
0,100,5885.141006
0,100,5889.426154
0,100,5893.672928
0,100,5897.993364
0,100,5902.393061
0,100,5906.698331
0,100,5910.910049
0,100,5915.126736
0,100,5919.367466
0,100,5923.619832
0,100,5927.888261
0,100,5932.315196
0,100,5936.661872
0,100,5941.751735
0,100,5946.012607
0,100,5950.371516
0,100,5954.646072
0,100,5958.888335
0,100,5963.168886
0,100,5967.498258
0,100,5971.73429
0,100,5976.000334
0,100,5980.314525
0,100,5984.527478
0,100,5988.812684
0,100,5993.184983
0,100,5997.474095
0,100,6001.642375
0,100,6005.837541
0,100,6010.082533
0,100,6014.286101
0,100,6018.521833
0,100,6022.788042
0,100,6027.091772
0,100,6031.382808
0,100,6038.920916
0,100,6043.232584
0,100,6047.473379
0,100,6051.768497
0,100,6056.133871
0,100,6060.458304
0,100,6064.833349
0,100,6069.031717
0,100,6073.277087
0,100,6077.657338
0,100,6081.910359
0,100,6086.152659
0,100,6090.428947
0,100,6094.664287
0,100,6098.943605
0,100,6103.144388
0,100,6107.408585
0,100,6111.686062
0,100,6115.996394
0,100,6120.298661
0,100,6124.553926
0,100,6128.771323
0,100,6132.933237
0,100,6137.105599
0,100,6141.365597
0,100,6145.604527
0,100,6149.780177
0,100,6153.946342
0,100,6158.147664
0,100,6162.42778
0,100,6166.625573
0,100,6170.821627
0,100,6175.135163
0,100,6179.907417
0,100,6184.135968
0,100,6188.446965
0,100,6192.756344
0,100,6197.026511
0,100,6201.298501
-3,100,6205.611019
0,100,6209.864165
0,100,6214.110911
0,100,6218.364165
0,100,6222.672898
0,100,6226.992449
0,100,6231.296596
0,100,6235.746695
0,100,6239.956722
0,100,6244.176113
0,100,6248.378346
0,100,6252.609463
0,100,6256.911605
0,100,6261.119056
0,100,6265.325307
0,100,6269.542229
0,100,6273.724195
0,100,6277.965307
0,100,6282.250835
0,100,6286.608491
0,100,6290.911886
0,100,6295.299061
0,100,6299.701098
0,100,6303.969046
0,100,6311.577278
0,100,6315.877879
0,100,6320.146521
0,100,6324.447982
0,100,6328.684296
0,100,6332.927732
0,100,6337.178652
0,100,6341.387001
0,100,6345.597917
0,100,6349.947065
0,100,6354.335819
0,100,6358.641547
0,100,6362.937808
0,100,6367.210734
0,100,6371.426874
0,100,6375.642295
0,100,6379.939427
0,100,6384.194029
0,100,6388.449592
0,100,6392.648943
0,100,6396.815793
0,100,6401.050837
0,100,6405.279159
0,100,6409.590255
0,100,6413.999977
0,100,6418.278583
0,100,6422.644606
0,100,6426.952138
0,100,6431.205068
0,100,6435.463508
0,100,6439.717801
0,100,6444.060169
0,100,6448.39562
0,100,6452.654107
0,100,6456.944094
0,100,6461.208535
0,100,6465.436726
0,100,6469.700359
0,100,6473.9726
0,100,6478.352386
0,100,6482.663749
0,100,6486.937173
0,100,6491.149055
0,100,6495.358432
-24,100,6499.580759
0,100,6503.800918
0,100,6508.255136
0,100,6512.465037
0,100,6516.673296
0,100,6520.952138
0,100,6525.270451
0,100,6529.532681
0,100,6533.877834
0,100,6538.208819
0,100,6542.491009
0,100,6546.678899
0,100,6550.868895
0,100,6555.110275
0,100,6559.41867
0,100,6563.636359
0,100,6567.869034
0,100,6572.155859
0,100,6579.787222
0,100,6584.086793
0,100,6588.301681
0,100,6592.519297
0,100,6596.810979
0,100,6601.129723
0,100,6605.563521
0,100,6609.945382
0,100,6614.140807
0,100,6618.334813
0,100,6622.516355
0,100,6626.710019
0,100,6630.966267
0,100,6635.252819
0,100,6639.491109
0,100,6643.72883
0,100,6647.968761
0,100,6652.182523
0,100,6656.479977
0,100,6660.808262
0,100,6665.150372
0,100,6669.370584
0,100,6673.562496
0,100,6677.758153
0,100,6682.007821
0,100,6686.221016
0,100,6690.458156
0,100,6694.72028
0,100,6699.061795
0,100,6703.350111
0,100,6707.589632
0,100,6711.835224
0,100,6716.220376
0,100,6720.462973
0,100,6724.662821
0,100,6728.966765
0,100,6733.262742
0,100,6737.474586
0,100,6741.675458
0,100,6745.859448
0,100,6750.071917
0,100,6754.24125
0,100,6758.481114
0,100,6762.786015
0,100,6767.049911
0,100,6771.295638
0,100,6775.692315
0,100,6780.047285
0,100,6784.297811
0,100,6788.584853
0,100,6792.906792
0,100,6797.22233
0,100,6801.416668
0,100,6805.642127
0,100,6809.909934
0,100,6814.121916
0,100,6818.392198
0,100,6822.727929
0,100,6826.995993
0,100,6831.284241
0,100,6835.65323
0,100,6839.96906
0,100,6844.308014
0,100,6851.889231
0,100,6856.265115
0,100,6860.518838
0,100,6864.721944
0,100,6868.949839
0,100,6873.18239
0,100,6877.422926
0,100,6881.662378
0,100,6885.998309
0,100,6890.242758
0,100,6894.55933
0,100,6898.966733
0,100,6903.227582
0,100,6907.459202
0,100,6911.667539
0,100,6915.986504
0,100,6920.193734
0,100,6924.442592
0,100,6928.674152
0,100,6932.962167
0,100,6937.19278
0,100,6941.488904
0,100,6945.755014
0,100,6950.054834
0,100,6954.29567
0,100,6958.629063
0,100,6962.848858
0,100,6967.197149
0,100,6971.440108
0,100,6975.647106
0,100,6979.931969
0,100,6984.127669
0,100,6988.345663
0,100,6992.575553
0,100,6996.795737
0,100,7001.058964
0,100,7005.3376
0,100,7009.687207
0,100,7013.977348
0,100,7018.349309
0,100,7022.573572
0,100,7026.886755
0,100,7031.141301
0,100,7035.408285
0,100,7039.70956
0,100,7044.034052
0,100,7048.267768
0,100,7052.49267
0,100,7056.70458
0,100,7060.98625
0,100,7065.27262
0,100,7069.583838
0,100,7073.865674
0,100,7078.23368
0,100,7082.493134
0,100,7086.697672
0,100,7090.89768
0,100,7095.150454
0,100,7099.428091
0,100,7103.717523
0,100,7108.038367
0,100,7112.288289
0,100,7119.881025
0,100,7124.228473
0,100,7128.518878
0,100,7132.752387
0,100,7137.174735
0,100,7141.468608
0,100,7145.738334
0,100,7150.003927
0,100,7154.253985
0,100,7158.527308
-4,100,7162.785465
0,100,7167.151276
0,100,7171.37594
0,100,7175.630102
0,100,7179.879015
0,100,7184.15613
0,100,7188.432757
0,100,7192.697285
0,100,7197.072061
0,100,7201.344954
0,100,7205.580323
0,100,7209.842479
0,100,7214.065747
0,100,7218.290838
0,100,7222.543943
0,100,7226.852648
0,100,7231.16686
0,100,7235.388186
0,100,7239.626561
0,100,7243.85033
0,100,7248.124088
0,100,7252.385235
0,100,7256.687522
0,100,7261.040068
0,100,7265.404971
0,100,7269.646021
0,100,7273.895605
0,100,7278.114163
0,100,7282.315325
0,100,7286.538595
0,100,7290.830437
0,100,7295.144274
0,100,7299.398121
0,100,7303.761034
0,100,7308.042957
0,100,7312.296927
0,100,7316.682732
0,100,7320.99456
0,100,7325.302597
0,100,7329.558005
0,100,7333.814034
-5,100,7338.077429
0,100,7342.317705
0,100,7346.560519
0,100,7350.835202
0,100,7355.119985
0,100,7359.386254
0,100,7363.665992
0,100,7367.918864
0,100,7372.12298
0,100,7376.417438
0,100,7380.682346
0,100,7384.983152
0,100,7392.701598
0,100,7396.924329
0,100,7401.119307
0,100,7405.355061
0,100,7409.617952
0,100,7413.832524
0,100,7418.026917
0,100,7422.303794
0,100,7426.587023
0,100,7430.778443
0,100,7435.007327
0,100,7439.34097
0,100,7443.53659
0,100,7447.798589
0,100,7451.968991
0,100,7456.237234
0,100,7460.453296
0,100,7464.70893
0,100,7469.115404
0,100,7473.383702
0,100,7477.568961
0,100,7481.759319
0,100,7486.053128
0,100,7490.251439
0,100,7494.436919
0,100,7498.869858
0,100,7503.183169
0,100,7507.447932
0,100,7511.646893
0,100,7515.937104
0,100,7520.212481
0,100,7524.421072
0,100,7528.718877
0,100,7532.942768
0,100,7537.439503
0,100,7541.854521
0,100,7546.095971
0,100,7550.364697
0,100,7554.60423
0,100,7558.998154
0,100,7563.388008
0,100,7567.65718
0,100,7571.946902
0,100,7576.267145
0,100,7580.681274
0,100,7584.956164
0,100,7589.361504
0,100,7593.637803
0,100,7597.925085
0,100,7602.202035
0,100,7606.488386
0,100,7610.807494
0,100,7615.054675
0,100,7619.507968
0,100,7623.898386
0,100,7628.140946
0,100,7632.391925
0,100,7636.679013
0,100,7641.054082
0,100,7645.26348
0,100,7649.514199
0,100,7653.759057
0,100,7661.342494
0,100,7665.750699
0,100,7670.051682
0,100,7674.353686
0,100,7678.742207
0,100,7682.963068
0,100,7687.182396
0,100,7691.443372
0,100,7695.658663
0,100,7699.908075
0,100,7704.145066
0,100,7708.314545
0,100,7712.544902
0,100,7716.741174
0,100,7720.907548
0,100,7725.08649
0,100,7729.291485
0,100,7733.546898
0,100,7737.894527
0,100,7742.320759
0,100,7746.524445
0,100,7750.696932
0,100,7754.868615
0,100,7759.051311
0,100,7763.256747
0,100,7767.620248
0,100,7771.816569
0,100,7776.04973
0,100,7780.27159
0,100,7784.560217
0,100,7788.83621
0,100,7793.077008
0,100,7797.44444
0,100,7801.803207
0,100,7806.116479
0,100,7810.302782
0,100,7814.479802
0,100,7818.658683
0,100,7822.856534
0,100,7827.129128
0,100,7831.44158
0,100,7835.717124
0,100,7839.951273
0,100,7844.153181
0,100,7848.361501
0,100,7852.539526
0,100,7856.773098
0,100,7861.089846
0,100,7865.442006
0,100,7869.695927
0,100,7873.902681
0,100,7878.122003
0,100,7882.332863
0,100,7886.564768
0,100,7890.881634
0,100,7895.065917
0,100,7899.30555
0,100,7903.545596
0,100,7907.854213
0,100,7912.092891
0,100,7916.361739
0,100,7920.770313
0,100,7925.086154
0,100,7932.674762
0,100,7936.91713
0,100,7941.223209
0,100,7945.717598
0,100,7950.008378
0,100,7954.327528
0,100,7958.593934
0,100,7962.869944
0,100,7967.14151
0,100,7971.389047
0,100,7975.632905
0,100,7980.019447
0,100,7984.29133
0,100,7988.533549
0,100,7992.784061
0,100,7996.974196
0,100,8001.182624
0,100,8005.398483
0,100,8009.644358
0,100,8013.841649
0,100,8018.094874
0,100,8022.387243
0,100,8026.722461
0,100,8030.954756
0,100,8035.188902
0,100,8039.516373
0,100,8043.775424
0,100,8048.001838
0,100,8052.235714
0,100,8056.455293
0,100,8060.66627
0,100,8064.847323
0,100,8069.074102
0,100,8073.41703
0,100,8077.606935
0,100,8081.800048
0,100,8086.092244
0,100,8090.29739
0,100,8094.466753
0,100,8098.81848
0,100,8103.213118
0,100,8107.444301
0,100,8111.635787
0,100,8115.916102
0,100,8120.121809
0,100,8124.366437
0,100,8128.596151
0,100,8132.80799
0,100,8136.993053
0,100,8141.197594
0,100,8145.511721
0,100,8149.816565
0,100,8154.017623
0,100,8158.26965
0,100,8162.586698
0,100,8166.879951
0,100,8171.102803
0,100,8175.351058
0,100,8179.623516
0,100,8183.819016
0,100,8188.058038
0,100,8192.268122
0,100,8199.750321
0,100,8203.988168
0,100,8208.286853
0,100,8212.468351
0,100,8216.63101
0,100,8221.051821
0,100,8225.382623
0,100,8229.637333
-45,100,8233.888923
0,100,8238.155158
0,100,8242.373219
0,100,8246.580014
0,100,8250.803907
0,100,8255.037041
0,100,8259.18721
0,100,8263.371751
0,100,8267.732833
0,100,8272.017821
0,100,8276.246571
0,100,8280.654675
0,100,8284.833009
0,100,8289.100956
0,100,8293.394442
0,100,8297.641947
0,100,8301.958818
0,100,8306.176558
0,100,8310.418274
0,100,8314.624257
0,100,8318.797796
0,100,8322.954014
0,100,8327.205296
0,100,8331.450104
0,100,8335.677979
0,100,8340.015069
0,100,8344.405031
0,100,8348.724931
0,100,8352.933815
0,100,8357.222959
0,100,8361.54637
0,100,8365.822998
0,100,8370.101695
0,100,8374.34224
0,100,8378.558995
0,100,8382.791921
0,100,8387.120042
0,100,8391.346539
0,100,8395.662922
0,100,8400.012716
0,100,8404.253889
0,100,8408.52861
0,100,8412.810512
0,100,8417.057764
0,100,8421.415907
0,100,8425.677187
0,100,8429.85479
0,100,8434.097165
0,100,8438.339028
0,100,8442.535594
0,100,8446.77668
0,100,8451.097389
0,100,8455.352883
0,100,8459.638813
0,100,8464.013178
0,100,8471.653885
0,100,8475.837111
0,100,8480.057459
0,100,8484.274526
0,100,8488.607975
0,100,8492.837429
0,100,8497.043812
0,100,8501.229989
0,100,8505.403533
0,100,8509.722931
0,100,8513.946722
0,100,8518.265825
0,100,8522.664775
0,100,8526.964761
0,100,8531.180675
0,100,8535.400809
0,100,8539.62515
0,100,8543.852997
0,100,8548.100945
0,100,8552.335715
0,100,8556.582317
0,100,8560.881268
0,100,8565.149238
0,100,8569.435035
0,100,8573.772008
0,100,8577.996899
0,100,8582.304471
0,100,8586.585842
0,100,8590.857924
0,100,8595.112284
0,100,8599.353801
0,100,8603.606221
0,100,8607.872723
0,100,8612.129084
0,100,8616.310454
0,100,8620.529912
0,100,8624.857193
0,100,8629.183058
0,100,8633.430028
0,100,8637.656922
0,100,8642.014526
0,100,8646.350222
0,100,8650.603667
0,100,8654.901446
0,100,8659.141749
0,100,8663.468376
0,100,8667.848439
0,100,8672.129265
0,100,8676.392536
0,100,8680.619968
0,100,8684.907045
0,100,8689.238242
0,100,8693.531796
0,100,8697.746164
0,100,8702.188918
0,100,8706.534958
0,100,8710.706919
0,100,8714.950908
0,100,8719.159797
0,100,8723.321761
0,100,8727.500652
0,100,8731.695274
