#{"t_start": 1768967339.6501427, "env_id": "parking-basic-v0"}
r,l,t
-32.625822,80,71.960764
-40.724561,100,74.938651
-23.842475,100,77.868468
-6.980979,28,78.765111
-38.222661,100,81.833206
-82.70089,100,84.852478
-53.092658,100,88.041645
-37.689631,100,91.062004
-28.285211,100,94.435971
-30.62359,100,97.453456
-63.88994,100,100.228841
-35.225057,100,103.067603
-38.973279,100,106.065552
-66.417086,100,109.179285
-61.736956,100,112.407076
-31.051622,100,115.099674
-42.446634,100,118.110807
-66.040177,100,120.887237
-65.673931,100,124.002274
-37.418466,100,127.105176
-52.489933,100,130.159208
-36.210441,100,133.147618
-52.314705,100,135.971597
-38.747087,100,138.727468
-55.662569,100,141.75224
-59.546891,100,145.044697
-26.108669,100,148.184174
-21.638466,100,151.410592
-56.282077,100,154.602821
-46.723196,100,158.004145
-45.28259,100,161.233344
-56.167463,100,164.261844
-53.078025,100,167.301856
-61.565957,100,170.3623
-61.953767,100,173.397355
-66.54503,100,176.418293
-63.825981,100,179.411768
-48.695087,100,182.449904
-35.844122,100,185.96301
-44.604219,100,189.718566
-81.933899,100,192.791828
-101.540065,100,195.794588
-71.546785,100,198.805666
-61.166076,100,202.356946
-44.678924,100,205.337589
-54.920432,100,208.337449
-61.196631,100,211.434909
-30.446878,100,214.494609
-48.453158,100,217.593035
-67.491952,100,220.737236
-32.800077,100,223.818113
-36.632215,100,226.718479
-68.65954,100,229.604133
-40.971668,100,232.536736
-23.662416,100,235.530759
-58.562914,100,238.451006
-65.685623,100,241.425277
-61.713765,100,244.54396
-41.520979,100,247.588948
-31.496836,100,250.655624
-66.015205,100,253.792509
-55.843316,100,256.842893
-39.885619,100,259.806345
-62.632227,100,262.853529
-40.702445,100,265.860571
-59.542039,100,268.792243
-53.366068,100,271.987839
-55.966422,100,275.143991
-46.75041,100,278.222184
-43.374523,100,281.147722
-53.082871,100,284.083199
-56.716797,100,286.998783
-38.61946,100,289.9141
-61.675014,100,292.853812
-35.199168,100,295.811677
-33.852492,100,298.861853
-74.248201,100,301.898892
-64.720874,100,304.97647
-60.183841,100,308.448617
-49.356413,100,311.588518
-78.119825,100,314.663312
-29.966224,100,317.506792
-57.500162,100,320.538738
-84.590085,100,323.458139
-26.64369,100,326.470567
-52.351018,100,329.39449
-44.969465,100,332.493181
-44.446421,100,335.524614
-53.958777,100,338.715861
-83.735687,100,341.804897
-66.558337,100,344.727473
-75.746212,100,347.820054
-43.656971,100,350.741256
-72.00107,100,353.777183
-68.665696,100,356.741409
-45.703801,100,359.742875
-55.234629,100,362.777696
-82.68318,100,365.796709
-51.757951,100,368.74769
-40.326887,100,371.671311
-54.028204,100,374.569283
-52.17202,100,377.481474
-53.187431,100,380.508403
-57.892466,100,383.460108
-45.653393,100,386.33751
-39.903719,100,389.183183
-45.954187,100,392.591812
-49.704661,100,395.72059
-25.384758,100,398.681068
-52.752615,100,401.532898
-40.129204,100,404.454877
-67.500202,100,407.307685
-55.108211,100,410.130582
-42.830846,100,412.996826
-60.663475,100,415.821892
-54.873593,100,418.661389
-65.274532,100,421.663282
-69.510768,100,424.613707
-56.539182,100,427.597821
-48.613542,100,430.665742
-50.74365,100,433.551176
-43.543428,100,436.43673
-65.689617,100,439.252982
-45.315722,100,442.250815
-54.589033,100,445.159827
-69.742188,100,448.377342
-69.867731,100,451.358416
-45.052375,100,454.414653
-61.976656,100,457.273445
-40.101996,100,460.211138
-55.139591,100,463.173556
-55.925801,100,466.139306
-44.965293,100,469.099339
-69.984347,100,472.146174
-31.325165,100,475.244527
-38.608967,100,478.192505
-59.692499,100,481.163874
-35.944406,100,484.19914
-77.162962,100,487.353418
-41.251619,100,490.372848
-38.88821,100,493.292315
-34.691629,100,496.152823
-69.158396,100,498.978145
-50.6312,100,502.261156
-32.057866,100,505.207286
-62.693349,100,508.050999
-45.734019,100,511.034803
-60.262556,100,514.379816
-43.386967,100,517.40445
-41.825526,100,520.621045
-43.465896,100,523.822246
-35.6056,100,526.789408
-46.032854,100,529.632803
-55.473409,100,532.536744
-47.924089,100,535.492788
-46.604293,100,538.464975
-57.994115,100,541.612482
-71.404824,100,544.501203
-44.662828,100,547.454882
-76.11982,100,550.449242
-37.296579,100,553.567731
-34.27372,100,556.581295
-51.565039,100,559.50065
-47.717504,100,562.509623
-36.954124,100,565.521828
-55.321345,100,568.468162
-5.79082,27,569.275355
-56.551719,100,572.338641
-49.161162,100,575.449703
-55.836515,100,578.72773
-54.452806,100,581.711242
-49.996423,100,585.525065
-36.369852,100,588.5275
-52.644028,100,591.350879
-82.105321,100,594.282182
-42.401357,100,597.245959
-49.887241,100,600.255069
-51.604328,100,603.32876
-32.24249,100,606.322093
-60.660089,100,609.326637
-43.198149,100,612.589435
-49.337061,100,615.79048
-48.043714,100,618.787241
-39.30206,100,621.798722
-43.66559,100,624.747704
-8.775617,42,625.981088
-51.872948,100,628.809775
-34.263626,100,631.587539
-53.370878,100,634.893252
-40.896373,100,637.904779
-40.155258,100,641.04496
-44.090561,100,644.240612
-46.117144,100,647.403076
-51.378236,100,650.294907
-43.63184,100,653.279726
-29.291335,100,656.155411
-45.011676,100,659.136174
-61.383415,100,662.11913
-55.594505,100,665.12342
-46.435709,100,668.150796
-62.356047,100,671.054631
-47.623079,100,673.93706
-49.664935,100,676.945374
-65.17872,100,679.839549
-51.990017,100,682.745797
-51.82673,100,685.633493
-53.732451,100,688.593425
-33.675553,100,691.573923
-48.986788,100,695.026732
-50.921303,100,698.015527
-29.099664,100,701.139157
-53.413164,100,704.221243
-61.266387,100,707.248296
-38.490306,100,710.17773
-44.098571,100,713.631999
-93.263035,100,716.455052
-64.099329,100,719.175679
-71.878931,100,722.097014
-73.299407,100,725.219153
-92.749641,100,728.285446
-57.992274,100,731.247998
-77.039548,100,734.15415
-47.946613,100,737.076916
-69.74688,100,740.016895
-57.521423,100,742.984159
-46.555255,100,745.894422
-51.06405,100,748.845958
-32.322278,100,751.829401
-49.931944,100,755.145045
-26.835639,100,758.318752
-41.067554,100,761.483358
-34.270953,100,764.453219
-35.135501,100,767.223165
-31.808621,100,770.044459
-27.430983,100,772.92049
-42.983116,100,775.78757
-53.495276,100,778.747151
-44.644593,100,781.773307
-37.262909,100,786.330859
-55.186556,100,789.418392
-48.538032,100,792.275316
-73.261887,100,795.306013
-38.968208,100,798.210157
-42.076539,100,801.468783
-72.166001,100,804.291667
-77.00563,100,807.116833
-55.435093,100,810.104029
-23.118467,100,813.059596
-67.579549,100,816.150476
-69.648079,100,819.235114
-55.703238,100,822.901698
-68.82266,100,825.949544
-90.757093,100,828.947385
-100.742002,100,831.905468
-99.492973,100,834.876631
-84.652419,100,837.804203
-52.373511,100,840.669853
-59.08266,100,843.587399
-59.552735,100,846.492024
-10.991363,25,847.295634
-34.274761,100,850.403633
-55.426539,100,853.439211
-72.234848,100,856.386258
-40.532307,100,860.739207
-49.528611,100,863.707519
-52.623399,100,866.776945
-52.17361,100,869.67614
-35.62556,100,872.640599
-34.272948,100,875.950221
-40.956859,100,878.993682
-46.891727,100,881.96055
-31.663201,100,884.998939
-33.300163,100,887.920641
-35.896593,100,890.805046
-108.927444,100,893.520068
-51.395098,100,896.376284
-40.594789,100,899.174231
-35.904033,100,902.199517
-83.526339,100,905.12306
-52.775217,100,908.135856
-48.551975,100,911.180629
-37.522328,100,914.131758
-31.408686,100,917.037896
-45.326839,100,919.911545
-51.704148,100,922.848613
-44.935641,100,925.829767
-50.060344,100,928.819945
-55.082151,100,931.717355
-39.194042,100,934.557403
-57.105926,100,937.702968
-46.00294,100,940.631731
-37.594767,100,943.691386
-57.83733,100,946.681853
-35.174174,100,949.566677
-70.524009,100,952.547495
-32.160441,100,955.533657
-56.314662,100,958.45676
-54.762304,100,961.518083
-34.616868,100,964.650032
-61.580499,100,967.695401
-57.681695,100,970.820073
-52.51201,100,973.693171
-56.137227,100,976.613141
-47.341149,100,979.551052
-36.88028,100,982.478353
-92.819559,100,985.40547
-70.777357,100,989.209352
-63.157822,100,992.19192
-46.265418,100,995.275014
-55.558343,100,998.511752
-39.244452,100,1001.427519
-33.807629,100,1004.422131
-50.664365,100,1011.592444
-60.804007,100,1014.873192
-62.347063,100,1018.329034
-54.680603,100,1021.269075
-41.604583,100,1024.153095
-45.265221,100,1027.033916
-48.2824,100,1030.852695
-90.231499,100,1033.812795
-42.035283,100,1036.762595
-52.779384,100,1039.697065
-44.268397,100,1042.681797
-52.84775,100,1045.648627
-37.924127,100,1048.445353
-108.283031,100,1051.283984
-31.573161,100,1054.183485
-54.492103,100,1057.398046
-42.032624,100,1060.487216
-44.955202,100,1063.479445
-32.13403,100,1066.283871
-51.276719,100,1069.175973
-34.358887,100,1072.147485
-50.945821,100,1075.207191
-44.366674,100,1078.172657
-45.139472,100,1081.171725
-67.45809,100,1084.142608
-31.05727,100,1087.028223
-48.771431,100,1089.896199
-47.789561,100,1093.062001
-39.759051,100,1096.007351
-59.300186,100,1099.168935
-41.665848,100,1102.404727
-40.23097,100,1105.284544
-44.414072,100,1108.162447
-36.921881,100,1111.095235
-62.341808,100,1114.011446
-50.906163,100,1117.021943
-61.288161,100,1120.160885
-42.936123,100,1123.223601
-61.658541,100,1126.154459
-49.556296,100,1129.084889
-62.052363,100,1132.087161
-59.46757,100,1135.038148
-35.062096,100,1137.965705
-50.446321,100,1140.866531
-44.64964,100,1143.840131
-70.079506,100,1146.783533
-55.444424,100,1149.687355
-65.428146,100,1152.593399
-43.888167,100,1156.252738
-61.661468,100,1159.09592
-35.067037,100,1161.896489
-42.819271,100,1164.882861
-52.59655,100,1168.090199
-53.874387,100,1171.074373
-39.462498,100,1173.889485
-62.880817,100,1176.631711
-69.267544,100,1180.638751
-71.379053,100,1183.71689
-62.957345,100,1186.738323
-51.434862,100,1189.574375
-54.89005,100,1192.460822
-55.710814,100,1195.359079
-40.202382,100,1198.291041
-38.294145,100,1201.28798
-60.315213,100,1204.337075
-55.948536,100,1207.246572
-36.747898,100,1210.178486
-53.298703,100,1213.430243
-43.048165,100,1216.280564
-45.094215,100,1219.264926
-57.598715,100,1222.227279
-50.123088,100,1225.219824
-33.952757,100,1229.587105
-58.57438,100,1232.586059
-42.998448,100,1235.54317
-32.934481,100,1242.154178
-36.082158,100,1245.398623
-49.250603,100,1249.202966
-39.691736,100,1252.068781
-40.653582,100,1254.976882
-52.888919,100,1258.010804
-30.51695,100,1261.034979
-31.535215,100,1264.055539
-47.085183,100,1266.997984
-45.9882,100,1269.940014
-42.473852,100,1272.86407
-40.798409,100,1275.92516
-50.547784,100,1278.867836
-41.762093,100,1281.697019
-34.114693,100,1284.657346
-52.818113,100,1288.770506
-42.851083,100,1291.725542
-24.070313,100,1294.740997
-33.923342,100,1305.894186
-34.15985,100,1311.277435
-31.075991,100,1314.53078
-44.577572,100,1317.53255
-26.595927,100,1320.265175
-51.248762,100,1323.372535
-46.875452,100,1326.433862
-35.791076,100,1329.543674
-62.877015,100,1332.364744
-40.727595,100,1335.261956
-33.918968,100,1338.179524
-40.519834,100,1341.091597
-58.195585,100,1344.019718
-49.075522,100,1346.94494
-36.429126,100,1349.869111
-39.296041,100,1353.379878
-41.685052,100,1362.521712
-50.267229,100,1365.479695
-42.82087,100,1368.537535
-79.460771,100,1371.445743
-69.098359,100,1374.312461
-59.819038,100,1377.134845
-60.920241,100,1380.075447
-28.841198,56,1381.656766
-73.9509,100,1387.417028
-48.976515,100,1390.392807
-64.520761,100,1393.30645
-58.74417,100,1396.227168
-57.856304,100,1399.302977
-62.967998,100,1402.617834
-41.024734,100,1405.637069
-29.396346,100,1408.965679
-20.718017,100,1411.832441
-23.661763,94,1414.649493
-38.509105,100,1417.511802
-47.17448,100,1420.846344
-33.608118,100,1429.935595
-51.738525,100,1432.921431
-32.692101,100,1435.876311
-49.265502,100,1444.856199
-31.627963,100,1447.892885
-56.718902,100,1450.700643
-41.201099,100,1469.200818
-57.145419,100,1472.109425
-58.125063,100,1474.971696
-55.57345,100,1478.41521
-40.446628,100,1481.242813
-43.352369,100,1484.168706
-56.63922,100,1487.104634
-73.943057,100,1490.098213
-64.989416,100,1493.547338
-57.460381,100,1496.527541
-20.682768,100,1499.482627
-55.407439,100,1504.714852
-32.061859,100,1507.579351
-57.238025,100,1510.476775
-54.320257,100,1513.400645
-54.648274,100,1516.205222
-47.542542,100,1518.949021
-53.336487,100,1521.854551
-55.835241,100,1524.763044
-33.294669,100,1527.645084
-45.75986,100,1530.515837
-36.526924,100,1533.463114
-57.291198,100,1540.183996
-50.23239,100,1543.295207
-44.298032,100,1548.140673
-37.995347,100,1555.37775
-72.099947,100,1558.348222
-48.222239,100,1561.306225
-67.286937,100,1564.206755
-46.031689,100,1567.601728
-47.761215,100,1570.506842
-46.222775,100,1573.465353
-65.166398,100,1578.249237
-47.271428,100,1581.416784
-99.147541,100,1584.25213
-51.650981,100,1587.853768
-57.567689,100,1590.755015
-79.257154,100,1593.588924
-63.602086,100,1596.344842
-54.694994,100,1603.57879
-48.373209,100,1608.932104
-82.416845,100,1611.986687
-63.779544,100,1616.512436
-49.275005,100,1619.314049
-115.812347,100,1622.230194
-55.321324,100,1626.377559
-39.139588,100,1629.435245
-41.528722,100,1632.390237
-68.794894,100,1635.328111
-42.996745,100,1638.188608
-31.007808,100,1641.053568
-71.947157,100,1643.967023
-43.291583,100,1647.011233
-50.599106,100,1649.926534
-38.677745,100,1652.88046
-46.129426,100,1655.802618
-68.362346,100,1658.585927
-63.57684,100,1661.636705
-63.162955,100,1664.8933
-40.508008,100,1667.939908
-45.371273,100,1671.388008
-77.943687,100,1674.507962
-81.4278,100,1677.291694
-62.498759,100,1680.123904
-50.7432,100,1683.153867
-75.74642,100,1689.63519
-52.974212,100,1692.578083
-61.327346,100,1695.495431
-78.859183,100,1698.441692
-27.681124,100,1704.813754
-68.18895,100,1708.22841
-33.763796,100,1711.050639
-46.87661,100,1722.316182
-80.542209,100,1725.645873
-44.419528,100,1728.642128
-45.783522,100,1731.530484
-53.824318,100,1734.609868
-64.515799,100,1737.606268
-49.138857,100,1741.197294
-59.738831,100,1745.787567
-38.376584,100,1749.532147
-122.465879,100,1752.505132
-64.298674,100,1756.108185
-60.879219,100,1761.59025
-75.869768,100,1765.511437
-120.328515,100,1768.374845
-135.803108,100,1771.250682
-52.342031,100,1774.305577
-126.621981,100,1777.25827
-66.460831,100,1780.31
-85.195548,100,1783.31393
-56.31662,100,1786.505075
-11.753201,43,1787.85995
-95.847077,100,1790.865017
-46.377956,100,1793.680703
-42.816101,100,1796.686752
-102.271769,100,1799.543813
-109.331508,100,1802.466541
-97.683655,100,1805.442763
-117.288035,100,1808.390309
-111.021608,100,1811.363929
-64.161497,100,1814.311735
-56.102189,100,1817.263992
-80.779307,100,1820.200587
-46.765208,100,1823.940361
-102.757968,100,1826.918576
-58.27527,100,1829.817631
-50.200621,100,1832.77041
-55.941162,100,1835.707479
-56.253386,100,1838.600598
-34.790281,100,1841.520419
-89.475241,100,1844.545398
-63.939588,100,1847.543658
-50.249495,100,1850.477292
-48.593948,100,1853.386884
-78.075187,100,1856.349239
-55.609904,100,1859.294354
-64.018066,100,1862.311092
-83.130036,100,1865.268694
-117.044037,100,1868.076127
-98.731735,100,1870.91645
-101.172578,100,1873.790799
-73.910469,100,1876.64508
-65.48094,100,1879.495712
-31.044394,100,1882.229588
-82.847302,100,1884.978952
-42.91362,100,1887.956053
-76.490101,100,1890.934757
-68.913994,100,1893.850586
-70.4373,100,1896.772146
-80.280864,100,1899.722022
-81.045692,100,1902.800652
-45.297442,100,1905.928831
-41.369167,100,1909.05025
-43.265326,100,1911.951205
-42.385779,100,1914.85233
-42.885639,100,1917.860073
-47.777167,100,1920.831629
-78.082425,100,1927.833841
-72.06853,100,1930.812655
-57.622318,100,1933.630126
-54.311854,100,1936.507382
-71.976598,100,1939.445142
-37.214117,100,1942.503178
-39.424995,100,1945.442546
-74.029347,100,1948.353225
-88.573832,100,1951.200151
-35.971549,100,1954.255575
-49.641243,100,1957.48362
-59.881482,100,1960.515249
-73.120424,100,1963.497111
-54.920183,100,1966.548395
-52.43159,100,1969.569893
-48.496912,100,1972.305042
-50.786032,100,1975.24509
-42.438582,100,1978.091323
-48.383667,100,1980.95893
-38.411438,100,1984.009231
-49.903549,100,1987.062006
-40.309745,100,1990.151906
-20.867415,100,1992.976028
-39.116433,100,1995.871186
-50.027108,100,1998.785498
-55.917236,100,2002.039701
-60.502387,100,2005.003039
-60.846048,100,2007.893126
-64.244105,100,2010.866511
-87.082588,100,2013.689657
-42.276419,100,2016.623176
-63.97554,100,2019.644233
-64.038772,100,2022.808149
-78.77158,100,2025.730271
-50.122942,100,2029.851614
-80.6372,100,2032.743055
-53.047258,100,2035.8048
-52.133639,100,2038.750316
-83.717529,100,2041.794348
-86.65117,100,2044.712337
-35.728387,100,2047.566755
-82.619328,100,2050.567527
-71.778558,100,2053.649878
-52.303628,100,2056.754257
-38.61225,100,2059.803202
-43.052363,100,2062.838751
-76.75002,100,2065.870336
-59.739161,100,2068.641898
-42.608835,100,2071.393133
-44.384623,100,2074.370375
-63.178771,100,2078.14184
-42.05996,100,2081.097194
-62.451296,100,2084.137179
-41.692913,100,2087.072732
-48.017597,100,2090.285816
-54.281138,100,2093.17202
-85.230911,100,2096.098596
-49.315016,100,2099.109895
-46.345677,100,2102.198524
-82.625566,100,2105.157408
-37.046046,100,2108.2019
-48.087876,100,2110.950665
-36.68606,100,2113.695884
-50.516151,100,2116.528419
-38.3485,100,2119.432526
-43.993643,100,2122.348893
-46.018127,100,2125.19729
-52.143122,100,2128.215889
-25.544084,100,2131.150025
-79.217709,100,2134.31133
-32.171748,100,2137.343621
-102.558563,100,2140.375798
-44.629821,100,2143.416738
-33.254986,100,2146.355941
-55.207141,100,2149.516306
-41.714082,100,2152.451022
-101.803732,100,2155.392486
-45.898887,100,2158.167986
-71.28773,100,2161.017633
-104.243027,100,2164.065141
-95.330476,100,2167.008605
-58.692407,100,2169.960069
-60.994491,100,2172.932646
-73.558669,100,2175.819244
-110.445136,100,2178.629872
-119.905697,100,2181.573121
-70.69893,100,2184.405125
-65.791289,100,2187.417475
-86.144376,100,2190.28552
-67.649254,100,2193.244031
-42.141255,100,2196.219308
-39.85383,100,2199.147066
-78.497519,100,2202.079394
-64.765252,100,2204.985358
-45.952911,100,2207.975309
-51.613336,100,2211.130745
-39.917367,100,2215.923903
-60.455049,100,2218.953032
-63.630507,100,2222.022665
-58.092914,100,2226.643012
-49.467255,100,2229.521605
-42.859469,100,2232.492666
-38.753678,100,2238.110856
-47.071659,100,2241.03849
-46.296207,100,2243.930935
-49.045021,100,2246.942098
-47.912975,100,2249.685964
-53.853044,100,2252.413822
-49.591025,100,2255.321035
-63.761709,100,2258.250339
-45.329052,100,2261.30847
-40.32042,100,2264.320117
-55.871149,100,2267.289377
-69.506812,100,2270.547878
-68.295468,100,2276.908335
-60.631253,100,2280.285053
-59.838218,100,2284.031598
-71.582351,100,2287.135904
-60.913278,100,2290.118223
-46.22725,100,2293.088219
-31.602355,100,2295.956498
-57.422203,100,2298.918998
-39.846332,100,2302.089499
-53.211989,100,2305.43962
-32.819413,100,2308.533284
-48.573813,100,2311.465585
-35.841596,100,2314.449332
-62.206385,100,2317.336489
-48.485261,100,2320.260092
-39.874512,100,2323.235093
-54.227856,100,2326.19432
-41.939259,100,2329.110049
-42.569572,100,2332.290558
-38.193946,100,2335.164762
-64.318307,100,2338.056381
-55.473497,100,2340.927389
-48.527917,100,2343.928615
-62.332873,100,2346.908934
-45.792836,100,2349.892118
-46.663138,100,2352.926064
-58.570422,100,2355.890191
-48.438414,100,2358.770636
-41.337492,100,2361.718379
-65.990361,100,2364.655239
-42.855435,100,2367.662471
-62.18086,100,2370.566005
-40.256973,100,2373.319796
-33.566589,100,2376.252178
-47.693461,100,2379.059991
-41.847462,100,2381.813714
-41.025114,100,2384.62635
-48.441572,100,2387.700618
-40.877916,100,2390.910599
-51.123134,100,2394.979018
-41.015851,100,2398.84973
-46.013486,100,2401.864781
-55.712922,100,2404.810541
-46.505374,100,2408.13123
-36.075442,100,2410.896412
-52.834067,100,2414.766695
-39.748127,100,2417.695733
-46.736559,100,2420.719917
-38.031296,100,2423.674226
-30.868138,100,2426.598046
-35.282418,100,2429.554913
-58.798699,100,2432.458982
-50.955713,100,2435.474086
-30.127478,100,2438.496046
-32.656234,100,2441.51933
-42.478495,100,2444.598535
-58.731331,100,2447.608511
-59.69447,100,2450.556972
-28.939187,100,2453.713934
-62.933604,100,2456.693866
-46.706909,100,2459.727449
-46.811856,100,2462.744255
-32.103633,100,2465.630989
-61.490153,100,2468.46852
-33.701914,100,2471.407701
-43.019574,100,2474.219665
-49.861952,100,2477.241549
-42.405082,100,2480.275095
-41.129841,100,2483.358137
-36.556705,100,2486.26694
-58.04302,100,2489.363804
-46.995667,100,2496.087688
-34.021809,100,2498.864383
-46.432545,100,2501.860054
-25.22414,100,2504.703944
-61.607502,100,2507.438148
-41.536971,100,2510.179063
-43.578503,100,2513.158757
-39.329158,100,2516.205807
-27.112109,100,2519.14636
-37.838793,100,2522.236516
-31.617956,100,2525.30112
-34.816752,100,2528.344977
-38.511216,100,2531.263829
-41.271647,100,2534.182643
-54.436824,100,2537.091149
-49.386183,100,2539.983094
-64.848523,100,2542.997487
-42.237039,100,2545.910594
-57.799705,100,2548.889055
-45.815661,100,2551.756119
-76.061793,100,2554.643965
-64.421354,100,2557.534863
-62.072409,100,2560.341729
-47.736296,100,2563.332155
-29.367144,100,2566.175842
-42.969632,100,2569.109574
-48.296815,100,2572.03208
-35.732291,100,2575.246057
-52.096279,100,2578.093925
-82.728343,100,2581.03713
-62.693682,100,2584.062257
-55.156821,100,2587.153852
-73.759205,100,2590.197934
-89.630707,100,2593.076015
-122.746214,100,2596.125585
-59.430732,100,2599.07168
-70.649725,100,2602.331297
-118.43466,100,2605.174468
-67.917499,100,2608.101401
-59.834028,100,2610.930913
-60.542484,100,2613.888502
-67.53699,100,2617.762489
-68.904772,100,2620.843181
-51.940334,100,2623.838403
-82.706369,100,2626.776516
-43.117294,100,2631.399743
-53.862596,100,2634.621804
-56.149363,100,2639.219806
-66.126077,100,2652.453947
-58.645425,100,2655.520066
-43.024497,100,2658.232618
-62.30129,100,2663.699988
-58.812751,100,2666.694499
-55.273771,100,2669.643766
-45.677529,100,2673.04013
-73.265754,100,2676.005726
-52.817064,100,2680.253041
-31.723318,100,2684.087981
-59.43729,100,2688.600434
-32.212241,100,2694.647007
-54.147728,100,2703.655362
-61.257674,100,2706.625424
-44.949444,100,2709.625897
-28.75019,100,2722.696434
-79.524071,100,2729.657907
-103.985055,100,2732.641304
-77.604937,100,2735.475402
-69.82203,100,2738.296659
-63.562832,100,2741.12378
-34.221268,100,2744.21657
-26.373246,100,2747.212213
-51.507482,100,2750.229446
-50.216972,100,2755.839331
-67.878739,100,2764.242946
-68.92565,100,2767.22885
-59.555353,100,2770.24926
-57.963798,100,2776.895107
-37.675345,100,2779.864988
-43.146387,100,2782.982397
-46.762951,100,2794.372793
-47.405805,100,2797.279173
-48.649381,100,2800.178293
-32.063818,100,2803.054061
-61.42593,100,2806.56057
-56.834356,100,2809.549495
-48.158055,100,2812.510298
-9.603292,29,2813.355771
-43.865687,100,2818.283573
-41.198355,100,2829.120986
-70.603116,100,2835.634947
-23.241505,62,2838.033698
-51.450584,100,2843.244204
-48.222098,100,2846.179924
-31.044422,100,2849.16712
-46.616568,100,2852.135017
-42.351595,100,2855.088429
-34.953841,100,2858.862976
-28.284408,100,2861.863266
-7.180604,28,2862.719024
-40.032109,100,2865.710477
-74.603599,100,2868.689384
-61.62419,100,2871.600855
-47.967465,100,2874.632949
-92.500805,100,2879.641912
-35.433541,100,2882.680923
-42.31399,100,2885.782001
-94.966981,100,2888.83563
-69.883067,100,2891.712868
-7.985848,39,2893.452036
-39.849447,100,2896.329838
-52.637075,100,2899.28621
-31.879347,100,2905.04486
-42.022762,100,2907.919656
-51.440105,100,2910.813883
-43.66709,100,2913.850616
-47.914828,100,2918.197203
-54.974461,100,2921.611923
-38.85228,100,2924.879574
-36.202047,100,2927.916139
-50.93018,100,2930.876475
-41.206897,100,2933.783522
-41.555547,100,2936.637207
-35.914089,100,2940.41826
-49.28496,100,2945.344269
-47.555399,100,2949.243921
-46.219816,100,2952.237557
-47.423432,100,2955.276872
-41.553512,100,2958.205768
-42.74548,100,2961.124732
-45.633407,100,2964.102925
-49.132264,100,2967.052226
-32.34478,100,2969.926425
-47.844005,100,2972.794226
-60.147854,100,2975.733007
-51.240711,100,2978.56311
-47.777092,100,2981.316366
-40.80846,100,2984.263524
-45.326142,100,2987.234531
-35.795141,100,2990.072607
-53.535252,100,2993.087116
-47.212734,100,2996.637358
-48.120327,100,2999.791377
-58.458876,100,3002.712409
-59.573604,100,3005.690318
-50.933484,100,3008.687316
-50.112591,100,3012.419202
-44.563272,100,3015.446892
-37.092703,100,3018.456192
-38.899517,100,3021.346396
-45.657207,100,3024.197593
-50.040001,100,3027.006809
-42.854379,100,3029.915219
-47.557159,100,3032.822207
-52.916597,100,3035.769408
-61.698832,100,3038.638228
-46.236882,100,3041.648631
-51.864335,100,3045.187964
-51.062592,100,3048.210975
-47.23948,100,3051.097783
-45.807667,100,3054.044874
-51.810667,100,3056.988352
-51.357043,100,3060.289407
-51.788294,100,3063.31284
-43.046536,100,3066.353593
-50.297958,100,3069.16763
-62.554394,100,3072.011737
-67.844279,100,3074.922023
-62.117963,100,3077.754039
-47.192737,100,3080.607146
-53.766037,100,3083.542439
-56.462035,100,3086.450084
-45.477161,100,3089.56165
-37.911193,100,3092.428277
-47.307407,100,3095.357612
-50.767728,100,3098.299559
-59.151151,100,3101.231045
-56.338134,100,3104.056587
-43.627127,100,3106.985759
-49.490768,100,3109.92193
-51.354037,100,3112.9039
-45.215466,100,3115.847951
-35.400575,89,3118.380613
-52.910638,100,3121.631514
-52.211886,100,3124.765501
-37.520311,100,3127.621297
-48.441549,100,3130.546924
-34.113656,100,3134.223444
-48.213002,100,3137.158468
-19.221736,87,3139.749489
-47.011808,100,3142.740492
-50.08708,100,3145.703096
-36.788899,100,3148.598962
-47.123709,100,3151.561143
-41.407888,100,3154.766035
-53.810553,100,3157.93146
-51.499641,100,3160.9221
-49.602238,100,3163.901546
-56.888806,100,3166.836423
-56.289038,100,3169.705723
-41.133573,100,3172.601266
-48.59762,100,3175.48063
-41.761169,100,3178.378443
-52.626281,100,3181.617499
-35.782609,100,3184.624326
-49.413563,100,3188.063858
-37.465586,100,3191.115888
-41.742825,100,3193.893689
-50.748898,100,3196.812288
-44.196016,100,3199.835635
-41.866378,100,3203.119814
-44.745527,100,3208.02624
-64.127898,100,3213.137625
-57.460589,100,3216.08888
-72.622297,100,3218.879137
-70.358684,100,3221.945498
-57.562259,100,3225.964914
-43.279095,100,3228.934901
-56.295405,100,3231.945478
-43.777137,100,3234.994781
-67.328544,100,3237.949578
-58.992376,100,3241.257431
-59.123813,100,3244.976108
-58.862756,100,3248.51546
-28.929058,100,3251.548567
-49.85275,100,3254.663663
-56.086859,100,3257.751765
-70.414698,100,3260.595502
-68.783315,100,3263.583557
-51.395438,100,3266.363102
-53.664845,100,3269.254575
-72.940048,100,3272.176441
-65.452653,100,3275.092951
-67.452844,100,3278.073839
-60.403964,100,3280.889577
-82.799559,100,3284.459326
-74.324824,100,3289.335965
-80.728179,100,3292.351755
-53.384957,100,3295.384662
-57.226434,100,3298.355623
-34.771216,100,3301.400601
-48.639264,100,3316.715434
-39.881763,100,3319.54715
-52.538333,100,3323.01181
-43.498577,100,3326.4676
-31.554532,100,3329.431301
-39.699664,100,3332.326075
-59.259503,100,3335.887605
-28.922417,100,3338.7964
-56.424445,100,3341.747767
-36.877531,100,3345.34065
-43.456061,100,3349.049817
-40.459416,100,3353.392575
-34.897711,100,3356.26107
-39.817773,100,3359.119992
-57.929723,100,3362.331387
-43.007819,100,3365.486893
-41.266368,100,3369.693012
-78.832942,100,3373.359952
-74.450687,100,3376.15567
-69.919734,100,3379.102157
-55.456563,100,3382.59625
-68.469255,100,3387.28049
-77.054066,100,3390.162642
-94.964277,100,3393.052761
-83.881301,100,3395.99949
-88.694203,100,3399.910289
-80.966908,100,3405.321123
-36.296354,100,3408.242617
-46.194508,100,3412.469931
-53.650896,100,3415.497193
-27.763973,100,3418.427728
-33.50456,100,3422.059374
-19.086489,100,3425.362449
-82.908512,100,3428.289743
-43.950642,100,3431.249521
-36.697186,100,3434.239168
-27.241335,100,3437.181757
-41.554405,100,3440.128537
-68.37897,100,3443.73253
-33.428533,100,3446.885798
-33.478474,100,3450.036453
-60.248691,100,3452.898901
-64.816564,100,3455.820222
-57.869861,100,3458.693537
-56.566548,100,3461.578644
-94.166103,100,3464.466504
-81.432803,100,3468.041567
-65.46609,100,3470.965044
-63.587489,100,3473.897291
-49.850574,100,3476.845073
-103.902487,100,3479.786509
-61.209604,100,3482.837631
-95.50036,100,3486.029716
-63.282051,100,3489.434502
-63.584738,100,3492.365433
-44.451054,100,3495.50371
-69.452831,100,3499.015063
-36.73841,100,3502.171851
-58.635355,100,3505.072224
-43.229858,100,3508.041866
-51.968319,100,3511.004838
-46.097963,100,3513.911544
-44.245568,100,3516.852677
-41.375794,100,3520.789515
-39.124015,100,3524.557753
-34.008134,100,3528.087291
-37.176874,100,3531.056182
-39.299489,100,3533.96034
-68.102359,100,3536.881402
-38.792168,100,3539.83064
-43.319475,100,3542.737868
-44.282307,100,3546.663296
-55.668063,100,3550.500706
-30.486917,100,3554.194003
-50.56371,100,3557.222659
-71.217786,100,3560.109665
-43.957404,100,3562.94815
-35.990562,100,3565.861085
-36.212689,100,3568.772424
-55.219394,100,3571.723078
-51.597327,100,3574.68135
-27.558265,100,3577.619846
-51.595507,100,3581.829833
-59.466119,100,3584.754928
-38.382398,100,3587.644708
-42.290677,100,3590.537572
-32.353617,100,3593.542026
-75.774875,100,3596.4232
-53.780604,100,3600.508497
-54.831414,100,3603.473528
-63.561029,100,3606.683383
-53.474479,100,3609.769161
-38.961103,100,3612.829614
-55.135712,100,3615.898736
-44.94494,100,3618.873805
-34.285451,100,3621.833449
-43.704843,100,3625.390337
-34.352347,100,3628.280925
-48.661035,100,3631.205217
-60.339384,100,3634.109217
-35.514518,100,3637.048571
-42.8796,100,3640.050954
-62.948509,100,3643.687427
-37.777702,100,3646.602642
-49.831287,100,3649.60961
-39.8092,100,3652.373978
-43.997011,100,3655.259471
-44.169951,100,3658.097398
-41.687075,100,3661.011168
-44.388445,100,3664.621317
-48.873683,100,3667.739625
-50.11363,100,3670.606864
-54.755462,100,3673.562372
-49.680169,100,3676.53179
-41.457508,100,3679.519765
-57.67473,100,3682.445196
-49.062605,100,3685.368972
-40.110982,100,3689.530461
-70.587705,100,3692.289022
-78.11992,100,3695.210212
-75.408324,100,3698.142615
-52.733777,100,3701.133858
-44.683318,100,3704.113134
-45.972083,100,3707.058742
-42.380713,100,3712.595453
-67.654863,100,3717.544557
-72.52524,100,3720.514351
-59.984907,100,3724.281409
-77.028776,100,3729.399885
-85.176364,100,3732.452012
-53.791134,100,3735.355333
-75.511406,100,3739.670573
-69.68853,100,3743.910416
-61.250152,100,3746.707399
-61.142266,100,3749.620292
-46.272156,100,3752.752595
-47.345539,100,3755.898983
-57.560003,100,3759.227201
-51.516111,100,3764.411444
-26.41025,100,3767.449734
-51.289917,100,3771.23228
-33.188753,100,3775.622599
-55.319184,100,3778.548833
-51.988845,100,3781.57156
-29.652956,100,3784.557133
-57.173952,100,3787.753654
-65.489565,100,3792.997944
-49.126435,100,3796.809336
-46.466546,100,3799.895309
-46.398124,100,3813.793405
-59.667773,100,3816.677509
-51.033804,100,3819.650225
-48.838335,100,3822.687814
-58.900381,100,3825.576838
-34.25275,100,3828.516183
-81.016529,100,3831.459713
-50.277826,100,3842.134312
-50.115354,100,3845.266181
-55.27387,100,3848.198997
-33.644718,100,3862.567287
-45.319832,100,3868.338341
-49.505608,100,3873.080053
-42.63664,100,3878.673785
-47.355508,100,3881.623693
-62.653558,100,3885.860368
-39.74676,100,3890.016559
-38.985153,100,3894.308108
-35.06658,100,3898.232439
-63.652079,100,3901.046954
-63.77717,100,3903.882631
-68.347041,100,3907.316758
-53.247383,100,3915.120205
-48.783552,100,3919.757444
-45.307814,100,3924.128178
-57.619043,100,3926.947792
-47.821196,100,3931.983117
-48.41776,100,3934.89354
-57.839716,100,3937.851386
-40.652978,100,3940.800357
-58.804981,100,3946.162336
-52.521681,100,3950.286763
-47.563098,100,3954.301977
-54.666051,100,3957.197426
-41.146861,100,3960.697165
-58.805415,100,3964.349012
-38.071019,100,3967.261389
-49.822837,100,3972.781649
-51.041682,100,3976.923038
-58.650703,100,3979.892084
-14.924927,56,3982.710022
-43.906182,100,3985.579543
-42.279167,100,3988.534162
-60.751692,100,3991.413764
-55.75402,100,3994.414499
-51.630855,100,3997.346591
-32.071453,100,4000.311662
-46.675493,100,4003.139351
-53.969889,100,4007.326596
-42.99225,100,4010.076243
-48.817502,100,4012.907832
-8.600441,20,4013.486196
-42.168898,100,4016.423726
-36.951396,100,4020.567091
-33.564966,100,4023.56953
-32.113113,100,4027.721985
-42.689275,100,4030.746994
-29.009292,100,4034.358936
-51.470181,100,4037.232113
-59.713628,100,4040.1565
-52.650733,100,4043.120193
-43.222398,100,4045.935405
-45.448981,100,4048.720586
-47.081517,100,4051.651517
-51.204247,100,4055.292142
-33.248045,100,4058.213634
-44.188197,100,4061.179866
-48.118561,100,4065.331469
-27.672866,100,4068.251062
-47.953111,100,4072.342064
-35.620449,100,4075.272593
-34.535363,100,4080.468765
-44.025318,100,4083.529064
-30.181528,100,4086.551308
-33.274669,100,4090.410472
-71.005454,100,4093.4975
-26.413591,100,4097.566087
-40.400269,100,4100.561277
-44.241087,100,4103.510156
-41.901415,100,4106.425349
-41.472254,100,4109.326812
-59.068644,100,4114.183221
-43.49669,100,4117.010172
-47.937408,100,4120.604714
-30.884497,100,4123.67399
-57.176897,100,4127.664993
-46.877021,100,4130.436939
-9.457388,29,4131.295564
-47.974151,100,4135.103761
-55.639134,100,4137.924308
-28.40982,100,4142.052164
-45.076907,100,4144.99243
-47.868653,100,4147.946405
-44.608702,100,4152.269217
-33.149055,100,4156.198496
-39.234685,100,4159.220187
-59.736557,100,4162.243591
-32.316312,100,4165.943261
-47.448651,100,4168.858831
-42.193443,100,4171.859146
-36.650611,100,4174.824422
-25.937084,100,4177.800602
-29.932476,100,4180.666202
-46.507447,100,4183.546668
-43.277921,100,4186.495046
-42.238326,100,4189.393366
-37.541647,100,4192.306834
-39.54067,100,4196.402056
-40.365747,100,4199.28371
-36.162077,100,4203.496584
-39.496242,100,4206.461323
-33.262183,100,4209.440023
-28.659796,100,4213.255073
-57.88843,100,4216.379651
-42.434026,100,4220.116752
-44.909716,100,4223.171999
-48.99251,100,4226.085935
-50.339416,100,4228.873106
-45.481717,100,4231.779311
-34.328488,100,4234.768161
-44.51844,100,4237.69508
-46.706346,100,4240.629484
-40.201221,100,4244.262522
-32.855176,100,4247.486723
-57.691727,100,4250.578811
-58.725784,100,4254.236471
-62.091142,100,4257.229558
-53.8651,100,4260.125001
-29.580342,100,4263.778073
-37.482948,100,4266.7495
-49.08339,100,4269.76325
-56.261348,100,4272.775662
-37.31803,100,4275.982721
-61.504712,100,4278.906695
-52.224122,100,4281.709124
-48.659117,100,4285.26959
-33.972264,100,4289.076792
-37.829791,100,4292.054544
-35.578333,100,4295.074272
-58.844558,100,4298.020517
-46.007423,100,4300.967609
-27.549083,100,4303.962809
-33.252058,100,4306.825699
-44.302121,100,4309.760132
-58.791373,100,4313.424953
-43.179534,100,4317.559083
-45.264982,100,4320.51055
-35.995316,100,4323.431671
-42.07088,100,4326.205262
-42.721514,100,4329.139508
-39.014781,100,4332.03357
-54.106986,100,4335.278392
-38.351422,100,4338.541617
-40.684514,100,4341.512587
-37.721921,100,4344.857662
-44.405445,100,4347.850571
-40.050866,100,4352.178549
-68.507121,100,4355.17931
-46.413145,100,4358.231942
-33.33294,100,4361.18383
-37.142171,100,4364.093424
-39.695761,100,4367.693504
-36.133596,100,4370.681899
-72.73792,100,4373.596452
-39.532854,100,4376.54311
-48.880962,100,4379.461897
-51.058895,100,4382.465364
-56.685344,100,4386.647304
-37.244681,100,4389.579929
-41.189035,100,4392.405564
-43.896112,100,4395.438579
-43.773756,100,4398.371123
-33.547387,100,4402.011056
-44.319055,100,4404.979255
-46.319449,100,4408.058856
-49.837919,100,4410.969938
-39.262617,100,4413.83987
-23.078254,58,4415.488497
-51.501055,100,4418.362696
-30.955454,100,4421.885926
-37.079512,100,4424.74299
-49.623756,100,4427.672044
-42.516496,100,4430.574669
-51.879173,100,4433.519708
-47.70183,100,4437.227446
-43.238031,100,4440.200388
-44.724134,100,4443.254171
-40.545779,100,4446.190134
-40.046419,100,4449.267749
-60.461071,100,4452.452129
-41.39336,100,4455.776274
-54.438906,100,4460.093581
-51.447495,100,4463.215251
-52.46489,100,4466.143934
-30.228088,100,4469.058705
-49.550038,100,4471.981702
-47.701685,100,4475.108953
-68.900139,100,4478.789148
-52.265762,100,4481.909101
-56.752898,100,4484.906264
-42.835304,100,4487.936945
-48.631192,100,4491.157854
-42.392419,100,4494.139663
-39.776576,100,4498.082481
-40.214948,100,4502.38716
-57.284457,100,4506.263401
-45.197688,100,4509.141695
-44.664999,100,4512.099008
-45.279163,100,4515.365766
-48.00225,100,4518.703052
-63.074105,100,4522.152213
-50.617404,100,4525.266078
-38.413528,100,4528.171188
-45.544608,100,4531.803018
-52.83567,100,4534.906068
-33.206282,100,4537.907309
-43.709385,100,4540.952601
-46.812481,100,4543.942949
-42.622152,100,4546.95925
-32.242282,100,4549.95842
-33.928364,100,4552.961464
-49.137275,100,4555.95347
-60.696297,100,4558.726601
-36.241466,100,4561.653162
-33.904251,100,4564.605085
-46.562977,100,4567.56415
-40.067139,100,4570.434887
-38.685402,100,4573.289378
-42.157894,100,4576.188336
-44.990509,100,4580.674513
-42.52709,100,4584.430195
-43.18138,100,4587.414824
-11.875122,55,4589.062119
-37.756215,100,4592.026968
-43.07912,100,4594.987879
-37.899906,100,4598.54697
-8.332974,27,4599.32316
-47.182027,100,4602.262291
-16.922012,41,4603.41742
-34.660349,100,4606.332353
-34.08314,100,4609.123341
-45.672472,100,4612.120772
-37.575621,100,4615.16517
-45.550919,100,4618.205205
-45.803535,100,4621.790466
-43.3364,100,4624.70543
-42.395681,100,4627.768123
-45.685011,100,4631.21983
-48.214515,100,4634.11745
-33.499885,100,4637.027655
-51.489253,100,4640.138767
-40.859937,100,4643.037905
-48.421602,100,4646.049744
-47.090038,100,4649.212024
-39.966163,100,4652.14792
-34.861166,100,4655.089146
-49.849634,100,4658.096429
-43.78123,100,4661.070834
-46.461993,100,4664.084426
-37.918107,100,4667.86188
-52.062066,100,4670.789221
-30.989865,100,4673.75259
-29.83558,100,4678.056006
-37.35206,100,4681.047474
-52.744585,100,4684.051497
-39.444166,100,4687.125043
-31.392022,100,4690.103116
-48.863317,100,4693.047755
-43.959471,100,4695.79513
-35.818688,100,4698.712929
-21.009958,100,4701.892812
-46.328597,100,4704.935804
-51.965988,100,4707.919805
-39.632053,100,4710.910256
-42.777953,100,4713.88926
-35.357378,100,4716.920053
-34.687593,100,4720.137148
-35.606386,100,4723.851146
-33.829644,100,4727.751731
-24.810138,100,4730.68124
-27.619445,100,4733.660132
-40.744306,100,4736.625964
-38.258655,100,4739.591913
-7.002638,26,4750.230775
-42.238489,100,4753.150521
-51.604989,100,4756.291645
-60.19623,100,4759.34456
-54.883031,100,4787.130212
-33.563145,100,4791.105942
-36.288675,100,4795.610184
-56.324909,100,4799.127843
-38.423871,100,4803.400416
-46.016908,100,4807.512067
-49.140364,100,4813.439331
-32.224262,100,4817.693442
-38.516676,100,4820.932306
-35.035986,100,4829.623813
-39.720379,100,4838.40861
-42.860589,100,4842.103059
-5.730076,22,4843.181102
-31.510457,100,4846.912493
-34.16925,100,4849.694424
-38.73148,100,4854.288958
-42.041533,100,4857.232505
-54.12684,100,4864.528996
-44.055085,100,4868.410923
-36.094919,100,4872.10224
-39.503734,100,4879.960551
-31.615845,100,4902.21197
-42.140231,100,4910.132915
-26.257149,100,4912.952815
-40.339773,100,4916.464174
-47.035789,100,4920.755482
-44.505542,100,4926.282485
-48.632444,100,4934.895218
-40.750855,100,4938.948915
-38.519161,100,4943.289581
-40.686044,100,4947.651239
-46.756541,100,4952.662021
-33.486635,100,4955.854804
-35.724938,100,4958.754217
-24.384888,100,4961.731016
-53.333908,100,4966.401292
-38.589164,100,4969.245024
-35.410651,100,4972.146583
-42.550879,100,4976.343684
-35.515315,100,4979.61766
-36.966975,100,4983.46833
-42.194703,100,4986.317084
-44.879492,100,4990.005327
-27.24526,100,4993.459015
-30.432944,100,4996.80419
-50.11144,100,4999.559787
-27.866245,100,5006.208107
-31.728089,100,5009.251463
-44.055381,100,5013.468642
-37.745469,100,5017.252213
-39.157108,100,5020.0935
-46.865071,100,5023.494684
-39.622672,100,5027.567836
-41.389365,100,5030.355636
-37.061419,100,5033.28714
-40.411664,100,5038.978625
-31.731092,100,5041.992594
-53.188042,100,5044.821671
-33.824056,100,5048.931103
-31.270818,100,5051.954384
-36.229702,100,5056.969303
-44.415316,100,5060.518252
-51.896576,100,5063.700632
-42.692453,100,5066.678482
-47.576893,100,5070.763949
-33.97967,100,5073.614194
-55.669955,100,5076.446592
-59.820984,100,5079.375741
-53.467246,100,5082.355363
-82.800852,100,5085.26312
-37.251745,100,5088.18997
-37.055393,100,5091.932824
-46.479862,100,5094.861495
-30.447717,100,5098.961838
-51.987004,100,5102.023881
-72.637969,100,5105.552054
-46.137143,100,5108.426592
-43.294607,100,5111.33832
-85.423364,100,5114.145548
-49.939002,100,5117.069178
-85.549217,100,5119.935991
-63.284189,100,5122.915529
-67.284293,100,5127.841937
-69.248365,100,5131.638229
-55.015763,100,5134.661172
-64.602494,100,5137.553994
-74.354574,100,5141.646944
-67.342134,100,5144.428056
-72.418066,100,5147.298732
-79.640246,100,5150.04976
-58.94936,100,5152.91773
-51.796032,100,5156.464649
-48.922956,100,5159.371062
-59.059596,100,5164.192779
-59.251393,100,5167.240037
-43.912838,100,5170.132505
-50.513047,100,5174.202233
-58.663084,100,5177.110789
-35.779158,100,5180.017336
-51.880076,100,5182.939194
-53.013912,100,5189.50826
-35.989404,100,5192.688551
-36.572487,100,5196.201231
-32.899514,100,5200.499981
-25.986253,100,5203.413214
-32.261491,100,5206.294909
-28.765266,100,5209.221808
-27.18304,100,5212.165229
-26.509295,100,5215.101901
-32.341113,100,5218.722208
-41.852266,100,5221.712896
-34.928954,100,5224.658439
-30.313313,100,5228.57568
-33.262368,100,5232.429065
-45.515911,100,5235.34441
-31.043404,100,5238.215082
-41.133217,100,5241.208562
-41.169955,100,5244.202437
-20.684906,72,5246.653984
-38.995391,100,5250.079864
-36.351488,100,5252.922753
-36.596114,100,5255.860462
-59.446753,100,5258.790107
-53.794763,100,5261.842624
-37.793783,100,5265.357276
-58.867641,100,5268.244164
-58.311114,100,5274.140048
-45.757013,100,5277.084496
-7.959912,36,5278.154727
-42.278183,100,5282.311595
-40.208848,100,5285.273602
-41.056536,100,5289.61451
-58.266849,100,5292.444312
-55.214536,100,5295.679391
-48.817054,100,5298.467391
-37.943531,100,5302.221851
-47.4689,100,5305.296312
-55.042528,100,5308.801868
-43.434935,100,5312.363299
-32.725403,100,5315.421268
-32.144011,100,5320.907187
-47.061713,100,5326.067884
-34.753338,100,5330.355743
-37.429666,100,5334.054065
-42.118823,100,5337.492437
-39.759475,100,5340.385416
-49.745406,100,5343.281793
-41.114673,100,5346.758718
-50.71315,100,5349.751171
-46.173334,100,5352.663808
-45.985124,100,5355.801684
-46.116906,100,5358.815342
-40.407488,100,5362.902742
-40.127743,100,5366.011307
-37.482835,100,5369.027355
-65.390834,100,5372.441288
-45.175676,100,5375.55076
-34.921005,100,5378.556923
-38.195567,100,5382.950731
-76.151042,100,5385.855735
-48.002506,100,5388.699821
-47.996041,100,5392.04205
-36.228188,100,5394.789582
-47.626657,100,5397.702908
-55.176312,100,5401.243338
-51.356285,100,5404.207772
-8.621431,29,5405.045954
-43.92034,100,5407.986943
-34.841045,100,5411.667247
-47.155266,100,5414.783486
-38.731,100,5419.922873
-33.680436,100,5422.933275
-42.573273,100,5428.135494
-48.157982,100,5431.5944
-29.584857,100,5434.526309
-37.016233,100,5438.172791
-42.487688,100,5441.061262
-33.007504,100,5444.022438
-78.141048,100,5447.025599
-32.075994,100,5450.043411
-58.08569,100,5453.006046
-47.225938,100,5456.538952
-51.473272,100,5459.490763
-64.172118,100,5462.5991
-43.649888,100,5465.569209
-38.333427,100,5468.517671
-35.753036,100,5471.37899
-40.476151,100,5474.432075
-54.444768,100,5477.427757
-41.779868,100,5481.703843
-31.33999,100,5484.706835
-46.6437,100,5487.799816
-37.866745,100,5491.373023
-52.354275,100,5494.343788
-52.717837,100,5497.655931
-51.139401,100,5500.569995
-40.30267,100,5504.725739
-41.917434,100,5507.611595
-51.552824,100,5510.324379
-56.12594,100,5513.27805
-58.381385,100,5516.254951
-51.062515,100,5519.926588
-44.629333,100,5523.075644
-48.971069,100,5525.901334
-37.171968,100,5528.801733
-45.82947,100,5531.695399
-50.000633,100,5534.73197
-31.878444,100,5537.680677
-48.117338,100,5540.61367
-55.487122,100,5543.574079
-38.500008,100,5547.174324
-38.688137,100,5550.288209
-33.543271,100,5553.192815
-49.895915,100,5556.241871
-52.667123,100,5559.759403
-57.386721,100,5562.777583
-44.608429,100,5565.759168
-36.729035,100,5568.667718
-49.380215,100,5571.664797
-59.648089,100,5574.575081
-31.313737,100,5577.481318
-41.704014,100,5580.390335
-37.784081,100,5583.410732
-38.723134,100,5586.392519
-61.095345,100,5589.464952
-47.936551,100,5592.885049
-42.29901,100,5595.872793
-10.525265,30,5596.761522
-60.2884,100,5599.648443
-49.673613,100,5608.358151
-72.433238,100,5611.645011
-89.541996,100,5614.521555
-49.212486,100,5617.509422
-55.059212,100,5620.473182
-75.850084,100,5624.798434
-53.516583,100,5627.999837
-53.905764,100,5632.705739
-61.286777,100,5636.598153
-53.193319,100,5639.529049
-33.196173,100,5642.498058
-28.041938,100,5645.45407
-57.309296,100,5648.380753
-59.613209,100,5652.171165
-53.933847,100,5658.143969
-41.179488,100,5661.071293
-61.515106,100,5664.049548
-49.382109,100,5668.22856
-49.239398,100,5671.357486
-54.918611,100,5674.336689
-71.25199,100,5678.173988
-51.54207,100,5682.262728
-56.466504,100,5685.128006
-44.265241,100,5688.009772
-64.490554,100,5691.012604
-53.589529,100,5693.865555
-74.539429,100,5696.766808
-55.743594,100,5699.671157
-48.739222,100,5702.649583
-67.993622,100,5706.865659
-5.339648,27,5707.697423
-41.348664,100,5710.907105
-79.547714,100,5713.738396
-65.218583,100,5716.542039
-49.581507,100,5719.390117
-47.145055,100,5722.988164
-40.010902,100,5725.930327
-36.886536,100,5728.967892
-69.761948,100,5732.662767
-56.610879,100,5735.604172
-37.795627,100,5738.459636
-58.825433,100,5741.389003
-87.893519,100,5744.331387
-30.059844,100,5747.343262
-39.758122,100,5750.350423
-65.753396,100,5753.22146
-45.176484,100,5756.075543
-49.087955,100,5758.97567
-55.00603,100,5761.968015
-46.968445,100,5764.978617
-38.953819,100,5767.944252
-38.123148,100,5771.427121
-53.696146,100,5774.301346
-50.183216,100,5777.285249
-37.922187,100,5780.213319
-28.248188,100,5783.308373
-42.778616,100,5786.933333
-61.005167,100,5789.860043
-40.996852,100,5793.012396
-21.191281,54,5794.644343
-48.219968,100,5797.607441
-32.083511,100,5800.549412
-37.86292,100,5803.37611
-33.697489,100,5806.272599
-41.656075,100,5809.168521
-55.998925,100,5812.172827
-38.496,100,5815.296813
-49.529026,100,5818.230323
-53.12833,100,5821.140817
-56.776659,100,5824.124983
-33.25878,100,5827.212012
-41.555674,100,5830.205376
-42.490107,100,5833.183689
-34.988741,100,5837.408277
-53.972974,100,5840.351812
-42.497564,100,5843.299403
-43.325445,100,5846.203138
-45.483145,100,5849.217329
-37.878591,100,5852.268778
-48.090713,100,5855.485317
-47.958248,100,5858.424299
-42.327368,100,5861.294631
-48.196728,100,5864.112655
-59.258641,100,5866.975405
-40.31711,100,5869.792319
-40.01368,100,5872.558361
-39.453455,100,5875.548281
-39.295978,100,5878.53314
-40.163281,100,5881.487188
-43.260491,100,5884.521459
-47.935707,100,5887.696658
-34.135478,100,5890.54227
-44.075397,100,5893.461163
-37.302523,100,5896.397691
-60.320444,100,5899.287901
-56.300161,100,5902.430622
-31.144521,100,5905.446107
-38.134759,100,5908.368446
-42.625033,100,5911.348697
-14.934002,35,5912.466607
-54.908618,100,5915.370883
-49.706634,100,5918.521642
-58.337506,100,5921.749264
-32.698048,100,5926.078117
-38.687764,100,5930.33607
-45.088586,100,5933.327906
-38.610676,100,5936.267819
-35.263814,100,5939.077075
-67.403882,100,5941.928126
-47.575304,100,5944.995629
-47.046673,100,5947.98102
-50.030613,100,5950.991887
-46.579787,100,5954.037021
-9.435573,24,5954.773522
-50.121672,100,5957.730651
-48.383942,100,5960.717973
-52.431547,100,5963.695813
-38.729065,100,5966.74454
-58.368585,100,5970.261863
-58.132621,100,5973.990364
-60.299258,100,5983.065575
-52.219244,100,5985.983107
-54.979183,100,5988.835022
-48.747056,100,5991.663814
-31.741127,100,5994.371269
-59.234187,100,5998.266596
-57.657178,100,6001.206662
-42.559769,100,6004.21783
-31.427919,100,6007.184449
-44.923484,100,6010.087149
-36.142384,100,6013.011281
-43.853325,100,6016.013432
-44.39665,100,6019.870149
-33.420639,100,6022.740974
-35.615012,100,6025.666474
-34.524622,71,6027.688718
-47.138788,100,6031.499077
-32.92847,100,6034.653652
-55.269362,100,6037.479755
-46.282304,100,6040.4473
-43.502199,100,6043.526922
-48.490959,100,6046.592136
-36.358702,100,6049.641573
-10.955861,27,6051.04724
-43.106157,100,6054.474329
-62.010001,100,6057.298141
-58.054259,100,6060.241353
-35.268494,100,6063.230822
-60.757842,100,6066.10286
-53.713963,100,6069.011783
-41.689018,100,6072.016229
-49.079781,100,6074.949258
-40.205188,100,6077.797917
-52.451249,100,6080.74959
-65.846663,100,6083.809165
-42.573994,100,6086.687217
-70.52671,100,6089.611408
-48.308738,100,6092.473727
-38.205766,100,6096.220718
-30.49094,100,6099.194734
-40.54237,100,6102.180163
-42.178532,100,6105.15148
-48.765054,100,6107.969332
-6.873505,31,6108.819061
-40.257181,100,6111.686919
-42.168378,100,6114.570052
-35.413117,100,6117.530609
-44.699996,100,6120.462129
-39.36474,100,6123.456574
-46.155125,100,6126.529043
-48.076853,100,6129.277646
-36.061526,100,6132.133235
-46.234116,100,6135.030333
-30.17834,100,6138.057537
-54.005916,100,6141.053418
-36.508969,100,6143.968196
-39.575746,100,6151.469342
-23.832881,100,6154.566293
-43.537564,100,6158.009208
-59.896316,100,6161.020094
-39.6933,100,6164.056931
-46.284535,100,6166.877089
-45.076658,100,6169.699145
-54.623883,100,6172.735149
-30.800996,100,6175.705119
-36.965039,100,6178.601198
-29.805173,100,6181.580319
-32.862267,100,6184.612844
-35.128586,100,6187.699646
-51.323016,100,6190.769636
-28.84754,100,6194.534072
-44.428446,100,6198.047341
-58.280379,100,6201.054361
-58.721508,100,6205.122021
-63.712396,100,6208.217012
-60.738398,100,6211.226183
-43.234166,100,6214.159208
-50.743915,100,6217.2591
-60.423276,100,6220.28917
-61.070571,100,6223.220056
-67.008534,100,6226.078831
-47.085002,100,6229.067611
-28.309753,100,6231.832471
-37.859818,100,6234.585427
-38.265323,100,6237.433352
-31.952664,100,6240.369408
-44.560024,100,6243.297567
-40.638881,100,6246.659914
-50.311678,100,6249.601713
-40.303923,100,6253.728919
-48.421466,100,6256.55302
-39.908236,100,6259.43705
-33.540381,100,6262.44112
-56.713003,100,6265.396769
-48.763411,100,6268.318138
-40.205885,100,6271.225292
-62.827277,100,6274.25835
-43.686108,100,6277.366069
-63.525685,100,6280.216735
-43.806467,100,6283.843084
-56.708801,100,6287.263226
-48.30043,100,6290.143601
-42.491149,100,6293.005293
-42.945406,100,6296.084775
-42.540995,100,6299.055738
-61.818767,100,6302.025105
-54.306313,100,6304.976413
-55.661323,100,6307.852332
-66.70441,100,6310.713895
-56.248017,100,6313.671873
-53.109595,100,6316.718085
-68.823561,100,6320.139006
-55.159114,100,6323.065798
-58.091656,100,6326.009209
-76.159265,100,6328.775222
-71.416729,100,6331.546351
-65.887523,100,6334.50279
-33.167614,100,6337.640081
-38.353992,100,6341.756576
-67.061833,100,6344.711374
-65.277659,100,6347.647557
-51.381019,100,6350.696999
-62.508972,100,6353.525563
-60.186287,100,6356.423616
-45.188566,100,6359.448982
-72.194931,100,6362.408809
-60.155995,100,6365.306912
-41.46871,100,6368.167476
-66.150949,100,6371.020233
-56.971362,100,6373.88716
-45.000532,100,6376.790323
-42.946034,100,6379.682546
-49.622028,100,6382.718035
-57.19957,100,6385.64081
-47.202793,100,6388.608374
-19.414121,49,6390.048316
-57.865184,100,6392.983684
-42.936484,100,6395.85787
-50.559489,100,6398.903242
-52.806568,100,6401.696211
-67.65438,100,6404.622812
-62.530635,100,6407.571255
-37.507523,100,6410.480661
-38.981733,100,6413.514612
-30.459187,100,6416.279176
-26.13637,100,6419.773076
-54.242922,100,6422.737365
-41.048351,100,6425.895464
-42.952184,100,6428.708131
-72.60578,100,6431.787305
-62.691661,100,6434.868832
-65.412147,100,6437.742369
-39.672968,100,6440.644153
-78.251221,100,6443.511096
-55.678355,100,6446.438805
-47.299539,100,6449.378616
-38.955725,100,6452.312587
-60.338494,100,6455.40872
-60.290753,100,6458.510223
-33.34249,100,6461.557766
-40.625041,100,6464.595945
-69.884166,100,6467.674612
-41.840039,100,6470.632409
-74.10193,100,6473.505228
-37.751653,100,6476.306368
-51.599629,100,6479.157645
-26.868357,100,6482.638309
-46.024443,100,6485.624571
-44.920195,100,6488.695146
-38.734169,100,6491.519205
-45.816383,100,6494.420686
-37.84823,100,6497.23373
-38.975006,100,6500.206327
-45.217589,100,6503.241576
-32.863769,100,6506.332536
-32.191687,100,6509.295448
-33.753501,100,6512.180603
-43.576898,100,6515.101286
-41.735464,100,6517.92715
-37.395885,100,6520.965212
-48.520792,100,6530.111082
-45.939218,100,6534.861182
-40.330082,100,6537.697485
-54.083362,100,6540.576596
-38.532245,100,6544.440256
-33.63113,100,6548.074416
-37.172841,100,6551.545241
-9.213444,41,6552.828873
-33.107551,100,6556.18859
-45.895324,100,6559.458888
-28.762101,100,6562.307895
-53.311988,100,6565.872839
-44.001296,100,6569.409346
-33.95958,100,6574.154156
-49.224983,100,6576.995593
-38.240337,100,6580.374221
-44.552618,100,6583.617088
-49.234771,100,6586.515173
-39.757592,100,6589.467459
-31.098923,100,6592.427255
-34.472156,100,6596.597436
-59.158006,100,6599.450453
-37.844068,100,6603.02543
-54.103769,100,6606.015462
-42.900535,100,6608.952451
-42.01425,100,6611.882797
-45.550156,100,6615.392021
-41.605623,100,6618.260323
-56.851231,100,6621.081686
-54.476889,100,6624.668224
-41.597919,100,6628.168857
-42.170016,100,6631.091101
-49.577438,100,6633.961693
-30.290865,100,6636.738655
-41.612264,100,6639.599575
-34.774332,100,6642.785499
-42.011502,100,6645.865592
-43.719329,100,6657.778568
-52.299924,100,6662.575801
-33.89164,100,6665.865345
-45.115675,100,6669.655244
-34.127198,100,6674.28473
-41.824875,100,6677.334666
-38.737823,100,6680.977453
-39.379438,100,6683.84179
-30.319933,100,6685.097167
-48.774191,100,6685.881542
-37.729312,100,6686.675144
-45.925292,100,6687.625764
-55.809553,100,6688.528257
-44.374037,100,6689.465158
-33.218744,100,6690.378228
-40.025807,100,6691.270428
-34.735208,100,6692.10005
-60.143086,100,6692.938847
-54.270855,100,6693.826549
-48.898459,100,6694.66275
-52.681561,100,6695.487579
-37.871275,100,6696.332726
-39.742932,100,6697.166326
-37.321028,100,6697.980338
